Name, Value, Epoch, Run
f_activation.alpha,0.41643717885017395,0,2
f_activation.beta,0.39911213517189026,0,2
layer1.0.f_activation.alpha,0.41643717885017395,0,2
layer1.0.f_activation.beta,0.39911213517189026,0,2
layer1.1.f_activation.alpha,0.41643717885017395,0,2
layer1.1.f_activation.beta,0.39911213517189026,0,2
layer2.0.f_activation.alpha,0.41643717885017395,0,2
layer2.0.f_activation.beta,0.39911213517189026,0,2
layer2.1.f_activation.alpha,0.41643717885017395,0,2
layer2.1.f_activation.beta,0.39911213517189026,0,2
layer3.0.f_activation.alpha,0.41643717885017395,0,2
layer3.0.f_activation.beta,0.39911213517189026,0,2
layer3.1.f_activation.alpha,0.41643717885017395,0,2
layer3.1.f_activation.beta,0.39911213517189026,0,2
layer4.0.f_activation.alpha,0.41643717885017395,0,2
layer4.0.f_activation.beta,0.39911213517189026,0,2
layer4.1.f_activation.alpha,0.41643717885017395,0,2
layer4.1.f_activation.beta,0.39911213517189026,0,2
f_activation.alpha,0.41369369626045227,1,2
f_activation.beta,0.4002874195575714,1,2
layer1.0.f_activation.alpha,0.41345301270484924,1,2
layer1.0.f_activation.beta,0.39914798736572266,1,2
layer1.1.f_activation.alpha,0.4126925468444824,1,2
layer1.1.f_activation.beta,0.3977561891078949,1,2
layer2.0.f_activation.alpha,0.41351500153541565,1,2
layer2.0.f_activation.beta,0.39718347787857056,1,2
layer2.1.f_activation.alpha,0.4143553078174591,1,2
layer2.1.f_activation.beta,0.39725595712661743,1,2
layer3.0.f_activation.alpha,0.4139392673969269,1,2
layer3.0.f_activation.beta,0.39615654945373535,1,2
layer3.1.f_activation.alpha,0.41517072916030884,1,2
layer3.1.f_activation.beta,0.39756274223327637,1,2
layer4.0.f_activation.alpha,0.4149203896522522,1,2
layer4.0.f_activation.beta,0.4015294909477234,1,2
layer4.1.f_activation.alpha,0.42107945680618286,1,2
layer4.1.f_activation.beta,0.4033747911453247,1,2
f_activation.alpha,0.41253000497817993,2,2
f_activation.beta,0.4007062613964081,2,2
layer1.0.f_activation.alpha,0.4106234014034271,2,2
layer1.0.f_activation.beta,0.3982751667499542,2,2
layer1.1.f_activation.alpha,0.41034847497940063,2,2
layer1.1.f_activation.beta,0.3959203064441681,2,2
layer2.0.f_activation.alpha,0.4115332067012787,2,2
layer2.0.f_activation.beta,0.3956400156021118,2,2
layer2.1.f_activation.alpha,0.41286981105804443,2,2
layer2.1.f_activation.beta,0.3960937261581421,2,2
layer3.0.f_activation.alpha,0.41306352615356445,2,2
layer3.0.f_activation.beta,0.3945099413394928,2,2
layer3.1.f_activation.alpha,0.41567131876945496,2,2
layer3.1.f_activation.beta,0.39786240458488464,2,2
layer4.0.f_activation.alpha,0.4183636009693146,2,2
layer4.0.f_activation.beta,0.40505552291870117,2,2
layer4.1.f_activation.alpha,0.42619359493255615,2,2
layer4.1.f_activation.beta,0.4083385169506073,2,2
f_activation.alpha,0.41137364506721497,3,2
f_activation.beta,0.4013575613498688,3,2
layer1.0.f_activation.alpha,0.40792444348335266,3,2
layer1.0.f_activation.beta,0.3970922827720642,3,2
layer1.1.f_activation.alpha,0.4082551896572113,3,2
layer1.1.f_activation.beta,0.39381688833236694,3,2
layer2.0.f_activation.alpha,0.4101659059524536,3,2
layer2.0.f_activation.beta,0.39436376094818115,3,2
layer2.1.f_activation.alpha,0.41229188442230225,3,2
layer2.1.f_activation.beta,0.39576074481010437,3,2
layer3.0.f_activation.alpha,0.41364237666130066,3,2
layer3.0.f_activation.beta,0.39462849497795105,3,2
layer3.1.f_activation.alpha,0.41709527373313904,3,2
layer3.1.f_activation.beta,0.39964136481285095,3,2
layer4.0.f_activation.alpha,0.42369344830513,3,2
layer4.0.f_activation.beta,0.40950292348861694,3,2
layer4.1.f_activation.alpha,0.4321329593658447,3,2
layer4.1.f_activation.beta,0.4141731858253479,3,2
f_activation.alpha,0.4099106788635254,4,2
f_activation.beta,0.4021563231945038,4,2
layer1.0.f_activation.alpha,0.4057387709617615,4,2
layer1.0.f_activation.beta,0.39584586024284363,4,2
layer1.1.f_activation.alpha,0.4063170552253723,4,2
layer1.1.f_activation.beta,0.3916108310222626,4,2
layer2.0.f_activation.alpha,0.4091606140136719,4,2
layer2.0.f_activation.beta,0.3936716318130493,4,2
layer2.1.f_activation.alpha,0.41223815083503723,4,2
layer2.1.f_activation.beta,0.39637088775634766,4,2
layer3.0.f_activation.alpha,0.4153675138950348,4,2
layer3.0.f_activation.beta,0.3968316912651062,4,2
layer3.1.f_activation.alpha,0.4195619523525238,4,2
layer3.1.f_activation.beta,0.4036079943180084,4,2
layer4.0.f_activation.alpha,0.43116867542266846,4,2
layer4.0.f_activation.beta,0.4166775941848755,4,2
layer4.1.f_activation.alpha,0.43977370858192444,4,2
layer4.1.f_activation.beta,0.42173251509666443,4,2
f_activation.alpha,0.4087924063205719,5,2
f_activation.beta,0.40331023931503296,5,2
layer1.0.f_activation.alpha,0.404153972864151,5,2
layer1.0.f_activation.beta,0.395151823759079,5,2
layer1.1.f_activation.alpha,0.4046935439109802,5,2
layer1.1.f_activation.beta,0.3898797929286957,5,2
layer2.0.f_activation.alpha,0.40882936120033264,5,2
layer2.0.f_activation.beta,0.39395830035209656,5,2
layer2.1.f_activation.alpha,0.4133976399898529,5,2
layer2.1.f_activation.beta,0.39862731099128723,5,2
layer3.0.f_activation.alpha,0.41939660906791687,5,2
layer3.0.f_activation.beta,0.4014083445072174,5,2
layer3.1.f_activation.alpha,0.4237995445728302,5,2
layer3.1.f_activation.beta,0.41045019030570984,5,2
layer4.0.f_activation.alpha,0.4416576027870178,5,2
layer4.0.f_activation.beta,0.4263822138309479,5,2
layer4.1.f_activation.alpha,0.44956812262535095,5,2
layer4.1.f_activation.beta,0.4314020574092865,5,2
f_activation.alpha,0.40849509835243225,6,2
f_activation.beta,0.40470466017723083,6,2
layer1.0.f_activation.alpha,0.40337735414505005,6,2
layer1.0.f_activation.beta,0.3941604793071747,6,2
layer1.1.f_activation.alpha,0.4032980799674988,6,2
layer1.1.f_activation.beta,0.3895117938518524,6,2
layer2.0.f_activation.alpha,0.4113008677959442,6,2
layer2.0.f_activation.beta,0.3963465690612793,6,2
layer2.1.f_activation.alpha,0.4161321818828583,6,2
layer2.1.f_activation.beta,0.4027844965457916,6,2
layer3.0.f_activation.alpha,0.4254934787750244,6,2
layer3.0.f_activation.beta,0.41022905707359314,6,2
layer3.1.f_activation.alpha,0.4305356740951538,6,2
layer3.1.f_activation.beta,0.42094117403030396,6,2
layer4.0.f_activation.alpha,0.45529356598854065,6,2
layer4.0.f_activation.beta,0.43966755270957947,6,2
layer4.1.f_activation.alpha,0.46196550130844116,6,2
layer4.1.f_activation.beta,0.4436644911766052,6,2
f_activation.alpha,0.40813079476356506,7,2
f_activation.beta,0.40624359250068665,7,2
layer1.0.f_activation.alpha,0.40299728512763977,7,2
layer1.0.f_activation.beta,0.3942784368991852,7,2
layer1.1.f_activation.alpha,0.4034683108329773,7,2
layer1.1.f_activation.beta,0.39026278257369995,7,2
layer2.0.f_activation.alpha,0.41429683566093445,7,2
layer2.0.f_activation.beta,0.4012637138366699,7,2
layer2.1.f_activation.alpha,0.4202640950679779,7,2
layer2.1.f_activation.beta,0.4100055694580078,7,2
layer3.0.f_activation.alpha,0.435122013092041,7,2
layer3.0.f_activation.beta,0.42188602685928345,7,2
layer3.1.f_activation.alpha,0.4400290846824646,7,2
layer3.1.f_activation.beta,0.4345382750034332,7,2
layer4.0.f_activation.alpha,0.47285428643226624,7,2
layer4.0.f_activation.beta,0.45669984817504883,7,2
layer4.1.f_activation.alpha,0.4776250422000885,7,2
layer4.1.f_activation.beta,0.4590284824371338,7,2
f_activation.alpha,0.40881627798080444,8,2
f_activation.beta,0.40656542778015137,8,2
layer1.0.f_activation.alpha,0.4052281677722931,8,2
layer1.0.f_activation.beta,0.39521312713623047,8,2
layer1.1.f_activation.alpha,0.4048207998275757,8,2
layer1.1.f_activation.beta,0.3926793932914734,8,2
layer2.0.f_activation.alpha,0.4206621050834656,8,2
layer2.0.f_activation.beta,0.4086562991142273,8,2
layer2.1.f_activation.alpha,0.42675256729125977,8,2
layer2.1.f_activation.beta,0.4192972779273987,8,2
layer3.0.f_activation.alpha,0.4489588737487793,8,2
layer3.0.f_activation.beta,0.4379349648952484,8,2
layer3.1.f_activation.alpha,0.4522953927516937,8,2
layer3.1.f_activation.beta,0.45216691493988037,8,2
layer4.0.f_activation.alpha,0.4942561984062195,8,2
layer4.0.f_activation.beta,0.4782138764858246,8,2
layer4.1.f_activation.alpha,0.4970181882381439,8,2
layer4.1.f_activation.beta,0.47805097699165344,8,2
f_activation.alpha,0.41166484355926514,9,2
f_activation.beta,0.4092835485935211,9,2
layer1.0.f_activation.alpha,0.40734800696372986,9,2
layer1.0.f_activation.beta,0.3969093859195709,9,2
layer1.1.f_activation.alpha,0.4089410901069641,9,2
layer1.1.f_activation.beta,0.39640098810195923,9,2
layer2.0.f_activation.alpha,0.4276265799999237,9,2
layer2.0.f_activation.beta,0.4168965816497803,9,2
layer2.1.f_activation.alpha,0.4366722106933594,9,2
layer2.1.f_activation.beta,0.43206775188446045,9,2
layer3.0.f_activation.alpha,0.465073823928833,9,2
layer3.0.f_activation.beta,0.457839697599411,9,2
layer3.1.f_activation.alpha,0.4703357517719269,9,2
layer3.1.f_activation.beta,0.4731740951538086,9,2
layer4.0.f_activation.alpha,0.5196839570999146,9,2
layer4.0.f_activation.beta,0.5039989352226257,9,2
layer4.1.f_activation.alpha,0.5191268920898438,9,2
layer4.1.f_activation.beta,0.4999639391899109,9,2
f_activation.alpha,0.41443583369255066,10,2
f_activation.beta,0.4129043221473694,10,2
layer1.0.f_activation.alpha,0.4108787775039673,10,2
layer1.0.f_activation.beta,0.4014941155910492,10,2
layer1.1.f_activation.alpha,0.4116854667663574,10,2
layer1.1.f_activation.beta,0.4032449722290039,10,2
layer2.0.f_activation.alpha,0.4369869828224182,10,2
layer2.0.f_activation.beta,0.4314252734184265,10,2
layer2.1.f_activation.alpha,0.4464086592197418,10,2
layer2.1.f_activation.beta,0.44962480664253235,10,2
layer3.0.f_activation.alpha,0.48608162999153137,10,2
layer3.0.f_activation.beta,0.47992992401123047,10,2
layer3.1.f_activation.alpha,0.48963671922683716,10,2
layer3.1.f_activation.beta,0.4982518255710602,10,2
layer4.0.f_activation.alpha,0.5500831007957458,10,2
layer4.0.f_activation.beta,0.5332080721855164,10,2
layer4.1.f_activation.alpha,0.5451198816299438,10,2
layer4.1.f_activation.beta,0.5254404544830322,10,2
f_activation.alpha,0.4178001880645752,11,2
f_activation.beta,0.41556450724601746,11,2
layer1.0.f_activation.alpha,0.4161725342273712,11,2
layer1.0.f_activation.beta,0.40833839774131775,11,2
layer1.1.f_activation.alpha,0.41784176230430603,11,2
layer1.1.f_activation.beta,0.4115499258041382,11,2
layer2.0.f_activation.alpha,0.4469235837459564,11,2
layer2.0.f_activation.beta,0.4472387433052063,11,2
layer2.1.f_activation.alpha,0.4610883891582489,11,2
layer2.1.f_activation.beta,0.4691738188266754,11,2
layer3.0.f_activation.alpha,0.5071845054626465,11,2
layer3.0.f_activation.beta,0.5051698684692383,11,2
layer3.1.f_activation.alpha,0.5134696960449219,11,2
layer3.1.f_activation.beta,0.5261044502258301,11,2
layer4.0.f_activation.alpha,0.5842524766921997,11,2
layer4.0.f_activation.beta,0.5663999319076538,11,2
layer4.1.f_activation.alpha,0.5728566646575928,11,2
layer4.1.f_activation.beta,0.5523626804351807,11,2
f_activation.alpha,0.4259594678878784,12,2
f_activation.beta,0.41818350553512573,12,2
layer1.0.f_activation.alpha,0.42091530561447144,12,2
layer1.0.f_activation.beta,0.41567346453666687,12,2
layer1.1.f_activation.alpha,0.42402252554893494,12,2
layer1.1.f_activation.beta,0.4204477369785309,12,2
layer2.0.f_activation.alpha,0.46019935607910156,12,2
layer2.0.f_activation.beta,0.4621046185493469,12,2
layer2.1.f_activation.alpha,0.47445762157440186,12,2
layer2.1.f_activation.beta,0.488837331533432,12,2
layer3.0.f_activation.alpha,0.5354090929031372,12,2
layer3.0.f_activation.beta,0.532800018787384,12,2
layer3.1.f_activation.alpha,0.539573073387146,12,2
layer3.1.f_activation.beta,0.5536282658576965,12,2
layer4.0.f_activation.alpha,0.6235876083374023,12,2
layer4.0.f_activation.beta,0.6019744277000427,12,2
layer4.1.f_activation.alpha,0.596801221370697,12,2
layer4.1.f_activation.beta,0.5777273774147034,12,2
f_activation.alpha,0.4309229552745819,13,2
f_activation.beta,0.42162320017814636,13,2
layer1.0.f_activation.alpha,0.4269860088825226,13,2
layer1.0.f_activation.beta,0.4229135811328888,13,2
layer1.1.f_activation.alpha,0.4323746860027313,13,2
layer1.1.f_activation.beta,0.42832550406455994,13,2
layer2.0.f_activation.alpha,0.4717941880226135,13,2
layer2.0.f_activation.beta,0.4797261655330658,13,2
layer2.1.f_activation.alpha,0.4893527328968048,13,2
layer2.1.f_activation.beta,0.5120546221733093,13,2
layer3.0.f_activation.alpha,0.5659899711608887,13,2
layer3.0.f_activation.beta,0.5541974902153015,13,2
layer3.1.f_activation.alpha,0.5664352774620056,13,2
layer3.1.f_activation.beta,0.5832256078720093,13,2
layer4.0.f_activation.alpha,0.6657884120941162,13,2
layer4.0.f_activation.beta,0.638603925704956,13,2
layer4.1.f_activation.alpha,0.6172269582748413,13,2
layer4.1.f_activation.beta,0.5997318625450134,13,2
f_activation.alpha,0.4368361830711365,14,2
f_activation.beta,0.43000614643096924,14,2
layer1.0.f_activation.alpha,0.43329963088035583,14,2
layer1.0.f_activation.beta,0.43386220932006836,14,2
layer1.1.f_activation.alpha,0.4378606379032135,14,2
layer1.1.f_activation.beta,0.43943363428115845,14,2
layer2.0.f_activation.alpha,0.4859432578086853,14,2
layer2.0.f_activation.beta,0.49972909688949585,14,2
layer2.1.f_activation.alpha,0.5095809102058411,14,2
layer2.1.f_activation.beta,0.5367763638496399,14,2
layer3.0.f_activation.alpha,0.6007070541381836,14,2
layer3.0.f_activation.beta,0.5756613612174988,14,2
layer3.1.f_activation.alpha,0.5985605120658875,14,2
layer3.1.f_activation.beta,0.6151549816131592,14,2
layer4.0.f_activation.alpha,0.7130367755889893,14,2
layer4.0.f_activation.beta,0.6773015856742859,14,2
layer4.1.f_activation.alpha,0.6327082514762878,14,2
layer4.1.f_activation.beta,0.6164904832839966,14,2
f_activation.alpha,0.44331416487693787,15,2
f_activation.beta,0.4371829330921173,15,2
layer1.0.f_activation.alpha,0.4401337802410126,15,2
layer1.0.f_activation.beta,0.44264155626296997,15,2
layer1.1.f_activation.alpha,0.4484146237373352,15,2
layer1.1.f_activation.beta,0.448993057012558,15,2
layer2.0.f_activation.alpha,0.5016412138938904,15,2
layer2.0.f_activation.beta,0.5227096676826477,15,2
layer2.1.f_activation.alpha,0.5299435257911682,15,2
layer2.1.f_activation.beta,0.5560612678527832,15,2
layer3.0.f_activation.alpha,0.638118326663971,15,2
layer3.0.f_activation.beta,0.5942214131355286,15,2
layer3.1.f_activation.alpha,0.6342051029205322,15,2
layer3.1.f_activation.beta,0.6473899483680725,15,2
layer4.0.f_activation.alpha,0.7638253569602966,15,2
layer4.0.f_activation.beta,0.7137166857719421,15,2
layer4.1.f_activation.alpha,0.6414016485214233,15,2
layer4.1.f_activation.beta,0.6282803416252136,15,2
f_activation.alpha,0.4537853002548218,16,2
f_activation.beta,0.44550076127052307,16,2
layer1.0.f_activation.alpha,0.4493740499019623,16,2
layer1.0.f_activation.beta,0.4551467299461365,16,2
layer1.1.f_activation.alpha,0.45726844668388367,16,2
layer1.1.f_activation.beta,0.4622155427932739,16,2
layer2.0.f_activation.alpha,0.5179004669189453,16,2
layer2.0.f_activation.beta,0.543389618396759,16,2
layer2.1.f_activation.alpha,0.5505042672157288,16,2
layer2.1.f_activation.beta,0.5815520882606506,16,2
layer3.0.f_activation.alpha,0.6786041855812073,16,2
layer3.0.f_activation.beta,0.6049069166183472,16,2
layer3.1.f_activation.alpha,0.6729837656021118,16,2
layer3.1.f_activation.beta,0.6780429482460022,16,2
layer4.0.f_activation.alpha,0.8202451467514038,16,2
layer4.0.f_activation.beta,0.7506346106529236,16,2
layer4.1.f_activation.alpha,0.6473032236099243,16,2
layer4.1.f_activation.beta,0.6359618902206421,16,2
f_activation.alpha,0.46387484669685364,17,2
f_activation.beta,0.45214375853538513,17,2
layer1.0.f_activation.alpha,0.45551958680152893,17,2
layer1.0.f_activation.beta,0.47009748220443726,17,2
layer1.1.f_activation.alpha,0.46464747190475464,17,2
layer1.1.f_activation.beta,0.47786685824394226,17,2
layer2.0.f_activation.alpha,0.5347806811332703,17,2
layer2.0.f_activation.beta,0.5613953471183777,17,2
layer2.1.f_activation.alpha,0.5717049837112427,17,2
layer2.1.f_activation.beta,0.6051905751228333,17,2
layer3.0.f_activation.alpha,0.7217919230461121,17,2
layer3.0.f_activation.beta,0.604596734046936,17,2
layer3.1.f_activation.alpha,0.7145415544509888,17,2
layer3.1.f_activation.beta,0.7074072360992432,17,2
layer4.0.f_activation.alpha,0.8782386183738708,17,2
layer4.0.f_activation.beta,0.7804092764854431,17,2
layer4.1.f_activation.alpha,0.6505292057991028,17,2
layer4.1.f_activation.beta,0.6395096182823181,17,2
f_activation.alpha,0.46905654668807983,18,2
f_activation.beta,0.45828554034233093,18,2
layer1.0.f_activation.alpha,0.4621851444244385,18,2
layer1.0.f_activation.beta,0.4813188314437866,18,2
layer1.1.f_activation.alpha,0.4775077700614929,18,2
layer1.1.f_activation.beta,0.4873596131801605,18,2
layer2.0.f_activation.alpha,0.5539638996124268,18,2
layer2.0.f_activation.beta,0.5700212121009827,18,2
layer2.1.f_activation.alpha,0.5981422066688538,18,2
layer2.1.f_activation.beta,0.6198936104774475,18,2
layer3.0.f_activation.alpha,0.7686822414398193,18,2
layer3.0.f_activation.beta,0.599287211894989,18,2
layer3.1.f_activation.alpha,0.7587211728096008,18,2
layer3.1.f_activation.beta,0.7378531694412231,18,2
layer4.0.f_activation.alpha,0.9404427409172058,18,2
layer4.0.f_activation.beta,0.811173141002655,18,2
layer4.1.f_activation.alpha,0.6520137190818787,18,2
layer4.1.f_activation.beta,0.6355763673782349,18,2
f_activation.alpha,0.4817778468132019,19,2
f_activation.beta,0.46320176124572754,19,2
layer1.0.f_activation.alpha,0.47158366441726685,19,2
layer1.0.f_activation.beta,0.4925345778465271,19,2
layer1.1.f_activation.alpha,0.4906925857067108,19,2
layer1.1.f_activation.beta,0.5016493797302246,19,2
layer2.0.f_activation.alpha,0.5716854929924011,19,2
layer2.0.f_activation.beta,0.5874843597412109,19,2
layer2.1.f_activation.alpha,0.6194505095481873,19,2
layer2.1.f_activation.beta,0.6424519419670105,19,2
layer3.0.f_activation.alpha,0.8232119679450989,19,2
layer3.0.f_activation.beta,0.595432698726654,19,2
layer3.1.f_activation.alpha,0.8033271431922913,19,2
layer3.1.f_activation.beta,0.7655589580535889,19,2
layer4.0.f_activation.alpha,1.000569462776184,19,2
layer4.0.f_activation.beta,0.8411813974380493,19,2
layer4.1.f_activation.alpha,0.6531682014465332,19,2
layer4.1.f_activation.beta,0.6340439915657043,19,2
f_activation.alpha,0.49116143584251404,20,2
f_activation.beta,0.4749974310398102,20,2
layer1.0.f_activation.alpha,0.4828489422798157,20,2
layer1.0.f_activation.beta,0.5050181746482849,20,2
layer1.1.f_activation.alpha,0.49898654222488403,20,2
layer1.1.f_activation.beta,0.5147857666015625,20,2
layer2.0.f_activation.alpha,0.5870505571365356,20,2
layer2.0.f_activation.beta,0.5959651470184326,20,2
layer2.1.f_activation.alpha,0.6437491178512573,20,2
layer2.1.f_activation.beta,0.6558345556259155,20,2
layer3.0.f_activation.alpha,0.8768070340156555,20,2
layer3.0.f_activation.beta,0.5785955786705017,20,2
layer3.1.f_activation.alpha,0.8564800024032593,20,2
layer3.1.f_activation.beta,0.7875654697418213,20,2
layer4.0.f_activation.alpha,1.071764588356018,20,2
layer4.0.f_activation.beta,0.8730840086936951,20,2
layer4.1.f_activation.alpha,0.6533293724060059,20,2
layer4.1.f_activation.beta,0.6310549974441528,20,2
f_activation.alpha,0.5042898654937744,21,2
f_activation.beta,0.48000264167785645,21,2
layer1.0.f_activation.alpha,0.4962203800678253,21,2
layer1.0.f_activation.beta,0.515085756778717,21,2
layer1.1.f_activation.alpha,0.515203595161438,21,2
layer1.1.f_activation.beta,0.5273613929748535,21,2
layer2.0.f_activation.alpha,0.6082174181938171,21,2
layer2.0.f_activation.beta,0.6069374680519104,21,2
layer2.1.f_activation.alpha,0.6701085567474365,21,2
layer2.1.f_activation.beta,0.662359356880188,21,2
layer3.0.f_activation.alpha,0.9285600185394287,21,2
layer3.0.f_activation.beta,0.5607207417488098,21,2
layer3.1.f_activation.alpha,0.907382607460022,21,2
layer3.1.f_activation.beta,0.81672602891922,21,2
layer4.0.f_activation.alpha,1.1379166841506958,21,2
layer4.0.f_activation.beta,0.9007303714752197,21,2
layer4.1.f_activation.alpha,0.6511105895042419,21,2
layer4.1.f_activation.beta,0.6327089667320251,21,2
f_activation.alpha,0.5116063952445984,22,2
f_activation.beta,0.4905025362968445,22,2
layer1.0.f_activation.alpha,0.49712517857551575,22,2
layer1.0.f_activation.beta,0.5301368236541748,22,2
layer1.1.f_activation.alpha,0.5296048521995544,22,2
layer1.1.f_activation.beta,0.5452588200569153,22,2
layer2.0.f_activation.alpha,0.6254690885543823,22,2
layer2.0.f_activation.beta,0.6077044010162354,22,2
layer2.1.f_activation.alpha,0.6938963532447815,22,2
layer2.1.f_activation.beta,0.6717621684074402,22,2
layer3.0.f_activation.alpha,0.9818121194839478,22,2
layer3.0.f_activation.beta,0.5410054922103882,22,2
layer3.1.f_activation.alpha,0.957696795463562,22,2
layer3.1.f_activation.beta,0.8384976387023926,22,2
layer4.0.f_activation.alpha,1.2017632722854614,22,2
layer4.0.f_activation.beta,0.9231996536254883,22,2
layer4.1.f_activation.alpha,0.642357587814331,22,2
layer4.1.f_activation.beta,0.6275057196617126,22,2
f_activation.alpha,0.517909049987793,23,2
f_activation.beta,0.49380818009376526,23,2
layer1.0.f_activation.alpha,0.5082354545593262,23,2
layer1.0.f_activation.beta,0.5460420250892639,23,2
layer1.1.f_activation.alpha,0.5352354049682617,23,2
layer1.1.f_activation.beta,0.5630097985267639,23,2
layer2.0.f_activation.alpha,0.6455419063568115,23,2
layer2.0.f_activation.beta,0.6111833453178406,23,2
layer2.1.f_activation.alpha,0.7247320413589478,23,2
layer2.1.f_activation.beta,0.6729632616043091,23,2
layer3.0.f_activation.alpha,1.0352753400802612,23,2
layer3.0.f_activation.beta,0.516345739364624,23,2
layer3.1.f_activation.alpha,1.0093079805374146,23,2
layer3.1.f_activation.beta,0.8599404096603394,23,2
layer4.0.f_activation.alpha,1.2729213237762451,23,2
layer4.0.f_activation.beta,0.9538217186927795,23,2
layer4.1.f_activation.alpha,0.6434246301651001,23,2
layer4.1.f_activation.beta,0.6192203760147095,23,2
f_activation.alpha,0.5281471014022827,24,2
f_activation.beta,0.5069138407707214,24,2
layer1.0.f_activation.alpha,0.5164437294006348,24,2
layer1.0.f_activation.beta,0.5559467077255249,24,2
layer1.1.f_activation.alpha,0.5459948778152466,24,2
layer1.1.f_activation.beta,0.5695329904556274,24,2
layer2.0.f_activation.alpha,0.6645414233207703,24,2
layer2.0.f_activation.beta,0.6060553193092346,24,2
layer2.1.f_activation.alpha,0.7505932450294495,24,2
layer2.1.f_activation.beta,0.6813867092132568,24,2
layer3.0.f_activation.alpha,1.090914249420166,24,2
layer3.0.f_activation.beta,0.5024082064628601,24,2
layer3.1.f_activation.alpha,1.060907244682312,24,2
layer3.1.f_activation.beta,0.8904287219047546,24,2
layer4.0.f_activation.alpha,1.3331115245819092,24,2
layer4.0.f_activation.beta,0.9700505137443542,24,2
layer4.1.f_activation.alpha,0.6345780491828918,24,2
layer4.1.f_activation.beta,0.6154978275299072,24,2
f_activation.alpha,0.5396959781646729,25,2
f_activation.beta,0.5160509943962097,25,2
layer1.0.f_activation.alpha,0.5299057364463806,25,2
layer1.0.f_activation.beta,0.573696494102478,25,2
layer1.1.f_activation.alpha,0.55915367603302,25,2
layer1.1.f_activation.beta,0.5842998027801514,25,2
layer2.0.f_activation.alpha,0.6798158884048462,25,2
layer2.0.f_activation.beta,0.6030349731445312,25,2
layer2.1.f_activation.alpha,0.7735483050346375,25,2
layer2.1.f_activation.beta,0.6776106357574463,25,2
layer3.0.f_activation.alpha,1.1433924436569214,25,2
layer3.0.f_activation.beta,0.4906488358974457,25,2
layer3.1.f_activation.alpha,1.120948076248169,25,2
layer3.1.f_activation.beta,0.9107069969177246,25,2
layer4.0.f_activation.alpha,1.396885633468628,25,2
layer4.0.f_activation.beta,0.9926609992980957,25,2
layer4.1.f_activation.alpha,0.6302843689918518,25,2
layer4.1.f_activation.beta,0.6024402976036072,25,2
f_activation.alpha,0.5518747568130493,26,2
f_activation.beta,0.5239273905754089,26,2
layer1.0.f_activation.alpha,0.5384079217910767,26,2
layer1.0.f_activation.beta,0.5886131525039673,26,2
layer1.1.f_activation.alpha,0.5714004635810852,26,2
layer1.1.f_activation.beta,0.5932392477989197,26,2
layer2.0.f_activation.alpha,0.7022905349731445,26,2
layer2.0.f_activation.beta,0.5891261696815491,26,2
layer2.1.f_activation.alpha,0.8048015236854553,26,2
layer2.1.f_activation.beta,0.6653435826301575,26,2
layer3.0.f_activation.alpha,1.1977312564849854,26,2
layer3.0.f_activation.beta,0.4854210317134857,26,2
layer3.1.f_activation.alpha,1.1717584133148193,26,2
layer3.1.f_activation.beta,0.9353929758071899,26,2
layer4.0.f_activation.alpha,1.4614744186401367,26,2
layer4.0.f_activation.beta,1.0127402544021606,26,2
layer4.1.f_activation.alpha,0.6268061995506287,26,2
layer4.1.f_activation.beta,0.5850813388824463,26,2
f_activation.alpha,0.5629748702049255,27,2
f_activation.beta,0.5210591554641724,27,2
layer1.0.f_activation.alpha,0.5442904829978943,27,2
layer1.0.f_activation.beta,0.5928754210472107,27,2
layer1.1.f_activation.alpha,0.5853208899497986,27,2
layer1.1.f_activation.beta,0.5939176082611084,27,2
layer2.0.f_activation.alpha,0.7242656350135803,27,2
layer2.0.f_activation.beta,0.5806727409362793,27,2
layer2.1.f_activation.alpha,0.8276647329330444,27,2
layer2.1.f_activation.beta,0.6631966829299927,27,2
layer3.0.f_activation.alpha,1.2446304559707642,27,2
layer3.0.f_activation.beta,0.4778236448764801,27,2
layer3.1.f_activation.alpha,1.2343617677688599,27,2
layer3.1.f_activation.beta,0.9667422771453857,27,2
layer4.0.f_activation.alpha,1.5194628238677979,27,2
layer4.0.f_activation.beta,1.0336171388626099,27,2
layer4.1.f_activation.alpha,0.625556468963623,27,2
layer4.1.f_activation.beta,0.5824236273765564,27,2
f_activation.alpha,0.5752821564674377,28,2
f_activation.beta,0.5306377410888672,28,2
layer1.0.f_activation.alpha,0.555867612361908,28,2
layer1.0.f_activation.beta,0.6158647537231445,28,2
layer1.1.f_activation.alpha,0.5953851938247681,28,2
layer1.1.f_activation.beta,0.6035135388374329,28,2
layer2.0.f_activation.alpha,0.7426943778991699,28,2
layer2.0.f_activation.beta,0.5756142735481262,28,2
layer2.1.f_activation.alpha,0.8516838550567627,28,2
layer2.1.f_activation.beta,0.6596953272819519,28,2
layer3.0.f_activation.alpha,1.290450096130371,28,2
layer3.0.f_activation.beta,0.4707600474357605,28,2
layer3.1.f_activation.alpha,1.2826759815216064,28,2
layer3.1.f_activation.beta,0.9878315925598145,28,2
layer4.0.f_activation.alpha,1.580595850944519,28,2
layer4.0.f_activation.beta,1.0546098947525024,28,2
layer4.1.f_activation.alpha,0.6161566972732544,28,2
layer4.1.f_activation.beta,0.5643712282180786,28,2
f_activation.alpha,0.5858907699584961,29,2
f_activation.beta,0.5387080311775208,29,2
layer1.0.f_activation.alpha,0.5673304200172424,29,2
layer1.0.f_activation.beta,0.6113971471786499,29,2
layer1.1.f_activation.alpha,0.608447790145874,29,2
layer1.1.f_activation.beta,0.6056948900222778,29,2
layer2.0.f_activation.alpha,0.753206193447113,29,2
layer2.0.f_activation.beta,0.5685840845108032,29,2
layer2.1.f_activation.alpha,0.8778309226036072,29,2
layer2.1.f_activation.beta,0.6529774069786072,29,2
layer3.0.f_activation.alpha,1.3317474126815796,29,2
layer3.0.f_activation.beta,0.46991416811943054,29,2
layer3.1.f_activation.alpha,1.333062767982483,29,2
layer3.1.f_activation.beta,1.018103003501892,29,2
layer4.0.f_activation.alpha,1.6386288404464722,29,2
layer4.0.f_activation.beta,1.062538504600525,29,2
layer4.1.f_activation.alpha,0.6175505518913269,29,2
layer4.1.f_activation.beta,0.5518996715545654,29,2
f_activation.alpha,0.5931009650230408,30,2
f_activation.beta,0.5549159049987793,30,2
layer1.0.f_activation.alpha,0.5693836808204651,30,2
layer1.0.f_activation.beta,0.623079240322113,30,2
layer1.1.f_activation.alpha,0.6160992383956909,30,2
layer1.1.f_activation.beta,0.6163007020950317,30,2
layer2.0.f_activation.alpha,0.7665348052978516,30,2
layer2.0.f_activation.beta,0.559886634349823,30,2
layer2.1.f_activation.alpha,0.8998120427131653,30,2
layer2.1.f_activation.beta,0.6403929591178894,30,2
layer3.0.f_activation.alpha,1.371574878692627,30,2
layer3.0.f_activation.beta,0.47386112809181213,30,2
layer3.1.f_activation.alpha,1.3813601732254028,30,2
layer3.1.f_activation.beta,1.0482319593429565,30,2
layer4.0.f_activation.alpha,1.6875277757644653,30,2
layer4.0.f_activation.beta,1.0749176740646362,30,2
layer4.1.f_activation.alpha,0.6142803430557251,30,2
layer4.1.f_activation.beta,0.5459465384483337,30,2
f_activation.alpha,0.6036563515663147,31,2
f_activation.beta,0.562308132648468,31,2
layer1.0.f_activation.alpha,0.5827780961990356,31,2
layer1.0.f_activation.beta,0.6340309381484985,31,2
layer1.1.f_activation.alpha,0.6256043314933777,31,2
layer1.1.f_activation.beta,0.6279037594795227,31,2
layer2.0.f_activation.alpha,0.7793744206428528,31,2
layer2.0.f_activation.beta,0.5535994172096252,31,2
layer2.1.f_activation.alpha,0.9275239109992981,31,2
layer2.1.f_activation.beta,0.6145139932632446,31,2
layer3.0.f_activation.alpha,1.4103288650512695,31,2
layer3.0.f_activation.beta,0.4886115789413452,31,2
layer3.1.f_activation.alpha,1.4249879121780396,31,2
layer3.1.f_activation.beta,1.0694416761398315,31,2
layer4.0.f_activation.alpha,1.742689609527588,31,2
layer4.0.f_activation.beta,1.0934587717056274,31,2
layer4.1.f_activation.alpha,0.6094009876251221,31,2
layer4.1.f_activation.beta,0.5274976491928101,31,2
f_activation.alpha,0.6104850172996521,32,2
f_activation.beta,0.5735198855400085,32,2
layer1.0.f_activation.alpha,0.5882246494293213,32,2
layer1.0.f_activation.beta,0.6379368901252747,32,2
layer1.1.f_activation.alpha,0.6375378370285034,32,2
layer1.1.f_activation.beta,0.634751558303833,32,2
layer2.0.f_activation.alpha,0.7932788729667664,32,2
layer2.0.f_activation.beta,0.5433366298675537,32,2
layer2.1.f_activation.alpha,0.9504023790359497,32,2
layer2.1.f_activation.beta,0.6043054461479187,32,2
layer3.0.f_activation.alpha,1.4437355995178223,32,2
layer3.0.f_activation.beta,0.4824041426181793,32,2
layer3.1.f_activation.alpha,1.4652202129364014,32,2
layer3.1.f_activation.beta,1.0910837650299072,32,2
layer4.0.f_activation.alpha,1.791322112083435,32,2
layer4.0.f_activation.beta,1.101913571357727,32,2
layer4.1.f_activation.alpha,0.6095500588417053,32,2
layer4.1.f_activation.beta,0.5203707218170166,32,2
f_activation.alpha,0.6179018616676331,33,2
f_activation.beta,0.5750181674957275,33,2
layer1.0.f_activation.alpha,0.5965015888214111,33,2
layer1.0.f_activation.beta,0.6457868218421936,33,2
layer1.1.f_activation.alpha,0.6446157693862915,33,2
layer1.1.f_activation.beta,0.6406704783439636,33,2
layer2.0.f_activation.alpha,0.8089227080345154,33,2
layer2.0.f_activation.beta,0.5272268652915955,33,2
layer2.1.f_activation.alpha,0.967487096786499,33,2
layer2.1.f_activation.beta,0.5932031273841858,33,2
layer3.0.f_activation.alpha,1.4735956192016602,33,2
layer3.0.f_activation.beta,0.4802856743335724,33,2
layer3.1.f_activation.alpha,1.5103377103805542,33,2
layer3.1.f_activation.beta,1.117702841758728,33,2
layer4.0.f_activation.alpha,1.8378444910049438,33,2
layer4.0.f_activation.beta,1.1178444623947144,33,2
layer4.1.f_activation.alpha,0.611738920211792,33,2
layer4.1.f_activation.beta,0.5128341913223267,33,2
f_activation.alpha,0.624304473400116,34,2
f_activation.beta,0.5824300050735474,34,2
layer1.0.f_activation.alpha,0.599963366985321,34,2
layer1.0.f_activation.beta,0.6488950848579407,34,2
layer1.1.f_activation.alpha,0.6506006717681885,34,2
layer1.1.f_activation.beta,0.6423963904380798,34,2
layer2.0.f_activation.alpha,0.8258882164955139,34,2
layer2.0.f_activation.beta,0.5155613422393799,34,2
layer2.1.f_activation.alpha,0.9863665103912354,34,2
layer2.1.f_activation.beta,0.5725610256195068,34,2
layer3.0.f_activation.alpha,1.4992777109146118,34,2
layer3.0.f_activation.beta,0.49321457743644714,34,2
layer3.1.f_activation.alpha,1.5375009775161743,34,2
layer3.1.f_activation.beta,1.139056921005249,34,2
layer4.0.f_activation.alpha,1.8818047046661377,34,2
layer4.0.f_activation.beta,1.126929521560669,34,2
layer4.1.f_activation.alpha,0.6093096137046814,34,2
layer4.1.f_activation.beta,0.5005971789360046,34,2
f_activation.alpha,0.6343744397163391,35,2
f_activation.beta,0.5840972065925598,35,2
layer1.0.f_activation.alpha,0.6073265671730042,35,2
layer1.0.f_activation.beta,0.6591458916664124,35,2
layer1.1.f_activation.alpha,0.6625679731369019,35,2
layer1.1.f_activation.beta,0.6442552804946899,35,2
layer2.0.f_activation.alpha,0.833482027053833,35,2
layer2.0.f_activation.beta,0.51192307472229,35,2
layer2.1.f_activation.alpha,0.9924032092094421,35,2
layer2.1.f_activation.beta,0.5609397888183594,35,2
layer3.0.f_activation.alpha,1.52566659450531,35,2
layer3.0.f_activation.beta,0.4927668273448944,35,2
layer3.1.f_activation.alpha,1.5713495016098022,35,2
layer3.1.f_activation.beta,1.1575809717178345,35,2
layer4.0.f_activation.alpha,1.916940689086914,35,2
layer4.0.f_activation.beta,1.1360363960266113,35,2
layer4.1.f_activation.alpha,0.608090877532959,35,2
layer4.1.f_activation.beta,0.4969483017921448,35,2
f_activation.alpha,0.641020655632019,36,2
f_activation.beta,0.5855964422225952,36,2
layer1.0.f_activation.alpha,0.6107085347175598,36,2
layer1.0.f_activation.beta,0.6650946140289307,36,2
layer1.1.f_activation.alpha,0.6677275896072388,36,2
layer1.1.f_activation.beta,0.6414434909820557,36,2
layer2.0.f_activation.alpha,0.8444194197654724,36,2
layer2.0.f_activation.beta,0.5074138045310974,36,2
layer2.1.f_activation.alpha,1.0218262672424316,36,2
layer2.1.f_activation.beta,0.5544731616973877,36,2
layer3.0.f_activation.alpha,1.5453135967254639,36,2
layer3.0.f_activation.beta,0.5020344257354736,36,2
layer3.1.f_activation.alpha,1.6089154481887817,36,2
layer3.1.f_activation.beta,1.1759297847747803,36,2
layer4.0.f_activation.alpha,1.9586013555526733,36,2
layer4.0.f_activation.beta,1.1405714750289917,36,2
layer4.1.f_activation.alpha,0.6092776656150818,36,2
layer4.1.f_activation.beta,0.483446329832077,36,2
f_activation.alpha,0.6446881890296936,37,2
f_activation.beta,0.5905672907829285,37,2
layer1.0.f_activation.alpha,0.6164111495018005,37,2
layer1.0.f_activation.beta,0.6668891906738281,37,2
layer1.1.f_activation.alpha,0.6651672720909119,37,2
layer1.1.f_activation.beta,0.6446530222892761,37,2
layer2.0.f_activation.alpha,0.8549025654792786,37,2
layer2.0.f_activation.beta,0.49467962980270386,37,2
layer2.1.f_activation.alpha,1.0367205142974854,37,2
layer2.1.f_activation.beta,0.5503568649291992,37,2
layer3.0.f_activation.alpha,1.5704576969146729,37,2
layer3.0.f_activation.beta,0.5038180351257324,37,2
layer3.1.f_activation.alpha,1.6404845714569092,37,2
layer3.1.f_activation.beta,1.2057137489318848,37,2
layer4.0.f_activation.alpha,1.9916175603866577,37,2
layer4.0.f_activation.beta,1.1467000246047974,37,2
layer4.1.f_activation.alpha,0.6038965582847595,37,2
layer4.1.f_activation.beta,0.4776776432991028,37,2
f_activation.alpha,0.6537244915962219,38,2
f_activation.beta,0.5905205011367798,38,2
layer1.0.f_activation.alpha,0.6244410276412964,38,2
layer1.0.f_activation.beta,0.6636433601379395,38,2
layer1.1.f_activation.alpha,0.665397047996521,38,2
layer1.1.f_activation.beta,0.6470405459403992,38,2
layer2.0.f_activation.alpha,0.8625131249427795,38,2
layer2.0.f_activation.beta,0.48859888315200806,38,2
layer2.1.f_activation.alpha,1.0516775846481323,38,2
layer2.1.f_activation.beta,0.5405499339103699,38,2
layer3.0.f_activation.alpha,1.5907948017120361,38,2
layer3.0.f_activation.beta,0.5032963156700134,38,2
layer3.1.f_activation.alpha,1.6722668409347534,38,2
layer3.1.f_activation.beta,1.2333461046218872,38,2
layer4.0.f_activation.alpha,2.0341904163360596,38,2
layer4.0.f_activation.beta,1.1528637409210205,38,2
layer4.1.f_activation.alpha,0.6114515066146851,38,2
layer4.1.f_activation.beta,0.47067588567733765,38,2
f_activation.alpha,0.6620010137557983,39,2
f_activation.beta,0.5939289927482605,39,2
layer1.0.f_activation.alpha,0.6334915161132812,39,2
layer1.0.f_activation.beta,0.6712210774421692,39,2
layer1.1.f_activation.alpha,0.6766804456710815,39,2
layer1.1.f_activation.beta,0.6376236081123352,39,2
layer2.0.f_activation.alpha,0.8715213537216187,39,2
layer2.0.f_activation.beta,0.4807814061641693,39,2
layer2.1.f_activation.alpha,1.0642107725143433,39,2
layer2.1.f_activation.beta,0.5386278629302979,39,2
layer3.0.f_activation.alpha,1.6159327030181885,39,2
layer3.0.f_activation.beta,0.5130877494812012,39,2
layer3.1.f_activation.alpha,1.7020589113235474,39,2
layer3.1.f_activation.beta,1.250342845916748,39,2
layer4.0.f_activation.alpha,2.0734214782714844,39,2
layer4.0.f_activation.beta,1.1629362106323242,39,2
layer4.1.f_activation.alpha,0.6152989268302917,39,2
layer4.1.f_activation.beta,0.4621904492378235,39,2
f_activation.alpha,0.666225790977478,40,2
f_activation.beta,0.601354718208313,40,2
layer1.0.f_activation.alpha,0.6399157643318176,40,2
layer1.0.f_activation.beta,0.6750337481498718,40,2
layer1.1.f_activation.alpha,0.6902192831039429,40,2
layer1.1.f_activation.beta,0.6434996724128723,40,2
layer2.0.f_activation.alpha,0.8697712421417236,40,2
layer2.0.f_activation.beta,0.47157764434814453,40,2
layer2.1.f_activation.alpha,1.0727657079696655,40,2
layer2.1.f_activation.beta,0.5265335440635681,40,2
layer3.0.f_activation.alpha,1.6256288290023804,40,2
layer3.0.f_activation.beta,0.5107979774475098,40,2
layer3.1.f_activation.alpha,1.7220500707626343,40,2
layer3.1.f_activation.beta,1.2645988464355469,40,2
layer4.0.f_activation.alpha,2.10247540473938,40,2
layer4.0.f_activation.beta,1.1663973331451416,40,2
layer4.1.f_activation.alpha,0.6113566160202026,40,2
layer4.1.f_activation.beta,0.44723838567733765,40,2
f_activation.alpha,0.6656168699264526,41,2
f_activation.beta,0.6087895631790161,41,2
layer1.0.f_activation.alpha,0.6366319060325623,41,2
layer1.0.f_activation.beta,0.6814997792243958,41,2
layer1.1.f_activation.alpha,0.6945058107376099,41,2
layer1.1.f_activation.beta,0.6454789638519287,41,2
layer2.0.f_activation.alpha,0.8799659609794617,41,2
layer2.0.f_activation.beta,0.46354517340660095,41,2
layer2.1.f_activation.alpha,1.0868273973464966,41,2
layer2.1.f_activation.beta,0.5235000848770142,41,2
layer3.0.f_activation.alpha,1.6493178606033325,41,2
layer3.0.f_activation.beta,0.5221494436264038,41,2
layer3.1.f_activation.alpha,1.7392557859420776,41,2
layer3.1.f_activation.beta,1.287490725517273,41,2
layer4.0.f_activation.alpha,2.1202220916748047,41,2
layer4.0.f_activation.beta,1.1635420322418213,41,2
layer4.1.f_activation.alpha,0.6059183478355408,41,2
layer4.1.f_activation.beta,0.43614324927330017,41,2
f_activation.alpha,0.6749740839004517,42,2
f_activation.beta,0.6115515828132629,42,2
layer1.0.f_activation.alpha,0.6482964158058167,42,2
layer1.0.f_activation.beta,0.6890116930007935,42,2
layer1.1.f_activation.alpha,0.7069866061210632,42,2
layer1.1.f_activation.beta,0.6383410096168518,42,2
layer2.0.f_activation.alpha,0.8887089490890503,42,2
layer2.0.f_activation.beta,0.45557868480682373,42,2
layer2.1.f_activation.alpha,1.1007232666015625,42,2
layer2.1.f_activation.beta,0.5193251967430115,42,2
layer3.0.f_activation.alpha,1.6568238735198975,42,2
layer3.0.f_activation.beta,0.5238726735115051,42,2
layer3.1.f_activation.alpha,1.7703359127044678,42,2
layer3.1.f_activation.beta,1.2953630685806274,42,2
layer4.0.f_activation.alpha,2.153231382369995,42,2
layer4.0.f_activation.beta,1.170369267463684,42,2
layer4.1.f_activation.alpha,0.6115178465843201,42,2
layer4.1.f_activation.beta,0.4291556477546692,42,2
f_activation.alpha,0.6809571981430054,43,2
f_activation.beta,0.6148983836174011,43,2
layer1.0.f_activation.alpha,0.6480363011360168,43,2
layer1.0.f_activation.beta,0.6977943181991577,43,2
layer1.1.f_activation.alpha,0.7116985321044922,43,2
layer1.1.f_activation.beta,0.6414130926132202,43,2
layer2.0.f_activation.alpha,0.889423668384552,43,2
layer2.0.f_activation.beta,0.45554348826408386,43,2
layer2.1.f_activation.alpha,1.1191667318344116,43,2
layer2.1.f_activation.beta,0.5146259665489197,43,2
layer3.0.f_activation.alpha,1.6746917963027954,43,2
layer3.0.f_activation.beta,0.5320649147033691,43,2
layer3.1.f_activation.alpha,1.7889964580535889,43,2
layer3.1.f_activation.beta,1.3128567934036255,43,2
layer4.0.f_activation.alpha,2.17545485496521,43,2
layer4.0.f_activation.beta,1.1792949438095093,43,2
layer4.1.f_activation.alpha,0.6050729155540466,43,2
layer4.1.f_activation.beta,0.42056986689567566,43,2
f_activation.alpha,0.6856542229652405,44,2
f_activation.beta,0.6188857555389404,44,2
layer1.0.f_activation.alpha,0.6487116813659668,44,2
layer1.0.f_activation.beta,0.7069627642631531,44,2
layer1.1.f_activation.alpha,0.7076938152313232,44,2
layer1.1.f_activation.beta,0.6384726762771606,44,2
layer2.0.f_activation.alpha,0.8956737518310547,44,2
layer2.0.f_activation.beta,0.43987220525741577,44,2
layer2.1.f_activation.alpha,1.129510760307312,44,2
layer2.1.f_activation.beta,0.5131267309188843,44,2
layer3.0.f_activation.alpha,1.6938585042953491,44,2
layer3.0.f_activation.beta,0.5307221412658691,44,2
layer3.1.f_activation.alpha,1.8120474815368652,44,2
layer3.1.f_activation.beta,1.3343037366867065,44,2
layer4.0.f_activation.alpha,2.199674129486084,44,2
layer4.0.f_activation.beta,1.1903536319732666,44,2
layer4.1.f_activation.alpha,0.606593906879425,44,2
layer4.1.f_activation.beta,0.4151984453201294,44,2
f_activation.alpha,0.6899288296699524,45,2
f_activation.beta,0.6206374168395996,45,2
layer1.0.f_activation.alpha,0.6596216559410095,45,2
layer1.0.f_activation.beta,0.7135577201843262,45,2
layer1.1.f_activation.alpha,0.7077459096908569,45,2
layer1.1.f_activation.beta,0.6467365026473999,45,2
layer2.0.f_activation.alpha,0.9083656072616577,45,2
layer2.0.f_activation.beta,0.4427400529384613,45,2
layer2.1.f_activation.alpha,1.1423094272613525,45,2
layer2.1.f_activation.beta,0.5048180818557739,45,2
layer3.0.f_activation.alpha,1.7011604309082031,45,2
layer3.0.f_activation.beta,0.530966579914093,45,2
layer3.1.f_activation.alpha,1.825608491897583,45,2
layer3.1.f_activation.beta,1.3505609035491943,45,2
layer4.0.f_activation.alpha,2.2237253189086914,45,2
layer4.0.f_activation.beta,1.1935827732086182,45,2
layer4.1.f_activation.alpha,0.6076714396476746,45,2
layer4.1.f_activation.beta,0.41017287969589233,45,2
f_activation.alpha,0.700394332408905,46,2
f_activation.beta,0.627189040184021,46,2
layer1.0.f_activation.alpha,0.659385621547699,46,2
layer1.0.f_activation.beta,0.7200949192047119,46,2
layer1.1.f_activation.alpha,0.7108556032180786,46,2
layer1.1.f_activation.beta,0.6489002704620361,46,2
layer2.0.f_activation.alpha,0.9068731665611267,46,2
layer2.0.f_activation.beta,0.44344961643218994,46,2
layer2.1.f_activation.alpha,1.1490360498428345,46,2
layer2.1.f_activation.beta,0.49882423877716064,46,2
layer3.0.f_activation.alpha,1.7070668935775757,46,2
layer3.0.f_activation.beta,0.532351553440094,46,2
layer3.1.f_activation.alpha,1.8510903120040894,46,2
layer3.1.f_activation.beta,1.3662148714065552,46,2
layer4.0.f_activation.alpha,2.2442188262939453,46,2
layer4.0.f_activation.beta,1.1975293159484863,46,2
layer4.1.f_activation.alpha,0.6075969338417053,46,2
layer4.1.f_activation.beta,0.404821515083313,46,2
f_activation.alpha,0.7011369466781616,47,2
f_activation.beta,0.6287811994552612,47,2
layer1.0.f_activation.alpha,0.6657883524894714,47,2
layer1.0.f_activation.beta,0.7212691903114319,47,2
layer1.1.f_activation.alpha,0.718214213848114,47,2
layer1.1.f_activation.beta,0.6467644572257996,47,2
layer2.0.f_activation.alpha,0.918679416179657,47,2
layer2.0.f_activation.beta,0.4380727708339691,47,2
layer2.1.f_activation.alpha,1.1576095819473267,47,2
layer2.1.f_activation.beta,0.4953463673591614,47,2
layer3.0.f_activation.alpha,1.7163137197494507,47,2
layer3.0.f_activation.beta,0.5400527119636536,47,2
layer3.1.f_activation.alpha,1.8626877069473267,47,2
layer3.1.f_activation.beta,1.3747954368591309,47,2
layer4.0.f_activation.alpha,2.2534735202789307,47,2
layer4.0.f_activation.beta,1.1933356523513794,47,2
layer4.1.f_activation.alpha,0.601845920085907,47,2
layer4.1.f_activation.beta,0.402336448431015,47,2
f_activation.alpha,0.7003339529037476,48,2
f_activation.beta,0.6309173107147217,48,2
layer1.0.f_activation.alpha,0.667715847492218,48,2
layer1.0.f_activation.beta,0.7230614423751831,48,2
layer1.1.f_activation.alpha,0.7270643711090088,48,2
layer1.1.f_activation.beta,0.6424778699874878,48,2
layer2.0.f_activation.alpha,0.9305803775787354,48,2
layer2.0.f_activation.beta,0.4341728091239929,48,2
layer2.1.f_activation.alpha,1.171826720237732,48,2
layer2.1.f_activation.beta,0.502606213092804,48,2
layer3.0.f_activation.alpha,1.7190239429473877,48,2
layer3.0.f_activation.beta,0.5415264368057251,48,2
layer3.1.f_activation.alpha,1.8763595819473267,48,2
layer3.1.f_activation.beta,1.3897720575332642,48,2
layer4.0.f_activation.alpha,2.2813093662261963,48,2
layer4.0.f_activation.beta,1.1977941989898682,48,2
layer4.1.f_activation.alpha,0.6139847636222839,48,2
layer4.1.f_activation.beta,0.402444064617157,48,2
f_activation.alpha,0.7065240740776062,49,2
f_activation.beta,0.637534499168396,49,2
layer1.0.f_activation.alpha,0.6761849522590637,49,2
layer1.0.f_activation.beta,0.7200990319252014,49,2
layer1.1.f_activation.alpha,0.7339255213737488,49,2
layer1.1.f_activation.beta,0.6383602619171143,49,2
layer2.0.f_activation.alpha,0.9309174418449402,49,2
layer2.0.f_activation.beta,0.4243956506252289,49,2
layer2.1.f_activation.alpha,1.1803371906280518,49,2
layer2.1.f_activation.beta,0.4934792220592499,49,2
layer3.0.f_activation.alpha,1.7201746702194214,49,2
layer3.0.f_activation.beta,0.5495511889457703,49,2
layer3.1.f_activation.alpha,1.8892842531204224,49,2
layer3.1.f_activation.beta,1.4012507200241089,49,2
layer4.0.f_activation.alpha,2.293947696685791,49,2
layer4.0.f_activation.beta,1.201087236404419,49,2
layer4.1.f_activation.alpha,0.6166386008262634,49,2
layer4.1.f_activation.beta,0.40137940645217896,49,2
f_activation.alpha,0.7110839486122131,50,2
f_activation.beta,0.6418535709381104,50,2
layer1.0.f_activation.alpha,0.6810751557350159,50,2
layer1.0.f_activation.beta,0.7230672240257263,50,2
layer1.1.f_activation.alpha,0.7337868809700012,50,2
layer1.1.f_activation.beta,0.6459958553314209,50,2
layer2.0.f_activation.alpha,0.9351386427879333,50,2
layer2.0.f_activation.beta,0.42224937677383423,50,2
layer2.1.f_activation.alpha,1.17782723903656,50,2
layer2.1.f_activation.beta,0.491569846868515,50,2
layer3.0.f_activation.alpha,1.7270320653915405,50,2
layer3.0.f_activation.beta,0.5511343479156494,50,2
layer3.1.f_activation.alpha,1.907503366470337,50,2
layer3.1.f_activation.beta,1.424833059310913,50,2
layer4.0.f_activation.alpha,2.3065969944000244,50,2
layer4.0.f_activation.beta,1.1993842124938965,50,2
layer4.1.f_activation.alpha,0.6142740249633789,50,2
layer4.1.f_activation.beta,0.3974354565143585,50,2
f_activation.alpha,0.7095913887023926,51,2
f_activation.beta,0.6477243304252625,51,2
layer1.0.f_activation.alpha,0.6827850341796875,51,2
layer1.0.f_activation.beta,0.7227354645729065,51,2
layer1.1.f_activation.alpha,0.7303663492202759,51,2
layer1.1.f_activation.beta,0.642967700958252,51,2
layer2.0.f_activation.alpha,0.9375200271606445,51,2
layer2.0.f_activation.beta,0.4200650751590729,51,2
layer2.1.f_activation.alpha,1.18807053565979,51,2
layer2.1.f_activation.beta,0.4991360604763031,51,2
layer3.0.f_activation.alpha,1.7388663291931152,51,2
layer3.0.f_activation.beta,0.5515205264091492,51,2
layer3.1.f_activation.alpha,1.9203596115112305,51,2
layer3.1.f_activation.beta,1.431139349937439,51,2
layer4.0.f_activation.alpha,2.325758218765259,51,2
layer4.0.f_activation.beta,1.2056055068969727,51,2
layer4.1.f_activation.alpha,0.618308961391449,51,2
layer4.1.f_activation.beta,0.39703595638275146,51,2
f_activation.alpha,0.7135701179504395,52,2
f_activation.beta,0.6492493748664856,52,2
layer1.0.f_activation.alpha,0.6827210187911987,52,2
layer1.0.f_activation.beta,0.7301756739616394,52,2
layer1.1.f_activation.alpha,0.7297800183296204,52,2
layer1.1.f_activation.beta,0.6439533829689026,52,2
layer2.0.f_activation.alpha,0.9411396384239197,52,2
layer2.0.f_activation.beta,0.42443472146987915,52,2
layer2.1.f_activation.alpha,1.190765142440796,52,2
layer2.1.f_activation.beta,0.4958333969116211,52,2
layer3.0.f_activation.alpha,1.7440695762634277,52,2
layer3.0.f_activation.beta,0.5581535696983337,52,2
layer3.1.f_activation.alpha,1.9309024810791016,52,2
layer3.1.f_activation.beta,1.4427087306976318,52,2
layer4.0.f_activation.alpha,2.341104507446289,52,2
layer4.0.f_activation.beta,1.209210753440857,52,2
layer4.1.f_activation.alpha,0.621029257774353,52,2
layer4.1.f_activation.beta,0.3974355161190033,52,2
f_activation.alpha,0.7136494517326355,53,2
f_activation.beta,0.6549875140190125,53,2
layer1.0.f_activation.alpha,0.6832980513572693,53,2
layer1.0.f_activation.beta,0.7316404581069946,53,2
layer1.1.f_activation.alpha,0.7339653968811035,53,2
layer1.1.f_activation.beta,0.6421099305152893,53,2
layer2.0.f_activation.alpha,0.9471296668052673,53,2
layer2.0.f_activation.beta,0.42191898822784424,53,2
layer2.1.f_activation.alpha,1.19083833694458,53,2
layer2.1.f_activation.beta,0.4862445294857025,53,2
layer3.0.f_activation.alpha,1.7452017068862915,53,2
layer3.0.f_activation.beta,0.5618473291397095,53,2
layer3.1.f_activation.alpha,1.940633773803711,53,2
layer3.1.f_activation.beta,1.4466824531555176,53,2
layer4.0.f_activation.alpha,2.361955165863037,53,2
layer4.0.f_activation.beta,1.2152127027511597,53,2
layer4.1.f_activation.alpha,0.6221946477890015,53,2
layer4.1.f_activation.beta,0.39274024963378906,53,2
f_activation.alpha,0.7176465392112732,54,2
f_activation.beta,0.6545425057411194,54,2
layer1.0.f_activation.alpha,0.6874347925186157,54,2
layer1.0.f_activation.beta,0.7299350500106812,54,2
layer1.1.f_activation.alpha,0.7334590554237366,54,2
layer1.1.f_activation.beta,0.6377026438713074,54,2
layer2.0.f_activation.alpha,0.9484251141548157,54,2
layer2.0.f_activation.beta,0.4225325584411621,54,2
layer2.1.f_activation.alpha,1.194406270980835,54,2
layer2.1.f_activation.beta,0.4858563542366028,54,2
layer3.0.f_activation.alpha,1.7576310634613037,54,2
layer3.0.f_activation.beta,0.5636582970619202,54,2
layer3.1.f_activation.alpha,1.9541114568710327,54,2
layer3.1.f_activation.beta,1.4618992805480957,54,2
layer4.0.f_activation.alpha,2.3721508979797363,54,2
layer4.0.f_activation.beta,1.213672161102295,54,2
layer4.1.f_activation.alpha,0.6236261129379272,54,2
layer4.1.f_activation.beta,0.39403101801872253,54,2
f_activation.alpha,0.7228864431381226,55,2
f_activation.beta,0.6549899578094482,55,2
layer1.0.f_activation.alpha,0.6876033544540405,55,2
layer1.0.f_activation.beta,0.7355302572250366,55,2
layer1.1.f_activation.alpha,0.7327243685722351,55,2
layer1.1.f_activation.beta,0.6412099003791809,55,2
layer2.0.f_activation.alpha,0.9490721821784973,55,2
layer2.0.f_activation.beta,0.4223449230194092,55,2
layer2.1.f_activation.alpha,1.2028007507324219,55,2
layer2.1.f_activation.beta,0.480606347322464,55,2
layer3.0.f_activation.alpha,1.7603981494903564,55,2
layer3.0.f_activation.beta,0.5658305883407593,55,2
layer3.1.f_activation.alpha,1.9663221836090088,55,2
layer3.1.f_activation.beta,1.4763600826263428,55,2
layer4.0.f_activation.alpha,2.3893883228302,55,2
layer4.0.f_activation.beta,1.2162983417510986,55,2
layer4.1.f_activation.alpha,0.63165283203125,55,2
layer4.1.f_activation.beta,0.39729735255241394,55,2
f_activation.alpha,0.7273833155632019,56,2
f_activation.beta,0.6518616676330566,56,2
layer1.0.f_activation.alpha,0.6875342726707458,56,2
layer1.0.f_activation.beta,0.7284461259841919,56,2
layer1.1.f_activation.alpha,0.7459390759468079,56,2
layer1.1.f_activation.beta,0.6378335356712341,56,2
layer2.0.f_activation.alpha,0.9516910314559937,56,2
layer2.0.f_activation.beta,0.42691269516944885,56,2
layer2.1.f_activation.alpha,1.2095879316329956,56,2
layer2.1.f_activation.beta,0.47795408964157104,56,2
layer3.0.f_activation.alpha,1.7661913633346558,56,2
layer3.0.f_activation.beta,0.5696242451667786,56,2
layer3.1.f_activation.alpha,1.975072979927063,56,2
layer3.1.f_activation.beta,1.488494873046875,56,2
layer4.0.f_activation.alpha,2.405691385269165,56,2
layer4.0.f_activation.beta,1.217953085899353,56,2
layer4.1.f_activation.alpha,0.6413402557373047,56,2
layer4.1.f_activation.beta,0.40080124139785767,56,2
f_activation.alpha,0.727683961391449,57,2
f_activation.beta,0.6538558006286621,57,2
layer1.0.f_activation.alpha,0.685714840888977,57,2
layer1.0.f_activation.beta,0.7305434346199036,57,2
layer1.1.f_activation.alpha,0.7486414313316345,57,2
layer1.1.f_activation.beta,0.6390832662582397,57,2
layer2.0.f_activation.alpha,0.9496504068374634,57,2
layer2.0.f_activation.beta,0.42403027415275574,57,2
layer2.1.f_activation.alpha,1.2186225652694702,57,2
layer2.1.f_activation.beta,0.47623610496520996,57,2
layer3.0.f_activation.alpha,1.7671709060668945,57,2
layer3.0.f_activation.beta,0.5722799897193909,57,2
layer3.1.f_activation.alpha,1.976071834564209,57,2
layer3.1.f_activation.beta,1.4869290590286255,57,2
layer4.0.f_activation.alpha,2.413966655731201,57,2
layer4.0.f_activation.beta,1.2180522680282593,57,2
layer4.1.f_activation.alpha,0.6418641209602356,57,2
layer4.1.f_activation.beta,0.4025364816188812,57,2
f_activation.alpha,0.7305417656898499,58,2
f_activation.beta,0.6616807579994202,58,2
layer1.0.f_activation.alpha,0.6904298067092896,58,2
layer1.0.f_activation.beta,0.7273761034011841,58,2
layer1.1.f_activation.alpha,0.749788761138916,58,2
layer1.1.f_activation.beta,0.6370114088058472,58,2
layer2.0.f_activation.alpha,0.9512627720832825,58,2
layer2.0.f_activation.beta,0.41956305503845215,58,2
layer2.1.f_activation.alpha,1.2211202383041382,58,2
layer2.1.f_activation.beta,0.4738013446331024,58,2
layer3.0.f_activation.alpha,1.7719708681106567,58,2
layer3.0.f_activation.beta,0.574368953704834,58,2
layer3.1.f_activation.alpha,1.9883569478988647,58,2
layer3.1.f_activation.beta,1.4957979917526245,58,2
layer4.0.f_activation.alpha,2.4220755100250244,58,2
layer4.0.f_activation.beta,1.2217408418655396,58,2
layer4.1.f_activation.alpha,0.6383835673332214,58,2
layer4.1.f_activation.beta,0.4012346863746643,58,2
f_activation.alpha,0.7299462556838989,59,2
f_activation.beta,0.6647360920906067,59,2
layer1.0.f_activation.alpha,0.6930994391441345,59,2
layer1.0.f_activation.beta,0.7269246578216553,59,2
layer1.1.f_activation.alpha,0.7491762638092041,59,2
layer1.1.f_activation.beta,0.6326799392700195,59,2
layer2.0.f_activation.alpha,0.9585362076759338,59,2
layer2.0.f_activation.beta,0.41003507375717163,59,2
layer2.1.f_activation.alpha,1.2241555452346802,59,2
layer2.1.f_activation.beta,0.47756239771842957,59,2
layer3.0.f_activation.alpha,1.7710434198379517,59,2
layer3.0.f_activation.beta,0.5811035633087158,59,2
layer3.1.f_activation.alpha,1.985585331916809,59,2
layer3.1.f_activation.beta,1.491794466972351,59,2
layer4.0.f_activation.alpha,2.4380197525024414,59,2
layer4.0.f_activation.beta,1.2157931327819824,59,2
layer4.1.f_activation.alpha,0.6500127911567688,59,2
layer4.1.f_activation.beta,0.4003799557685852,59,2
f_activation.alpha,0.7335971593856812,60,2
f_activation.beta,0.6653627753257751,60,2
layer1.0.f_activation.alpha,0.6972724199295044,60,2
layer1.0.f_activation.beta,0.7286036610603333,60,2
layer1.1.f_activation.alpha,0.7575008869171143,60,2
layer1.1.f_activation.beta,0.6324982643127441,60,2
layer2.0.f_activation.alpha,0.9603803753852844,60,2
layer2.0.f_activation.beta,0.4154902994632721,60,2
layer2.1.f_activation.alpha,1.2228950262069702,60,2
layer2.1.f_activation.beta,0.4722074568271637,60,2
layer3.0.f_activation.alpha,1.7815736532211304,60,2
layer3.0.f_activation.beta,0.5840958952903748,60,2
layer3.1.f_activation.alpha,1.9897147417068481,60,2
layer3.1.f_activation.beta,1.5020415782928467,60,2
layer4.0.f_activation.alpha,2.4482390880584717,60,2
layer4.0.f_activation.beta,1.2149556875228882,60,2
layer4.1.f_activation.alpha,0.6501404643058777,60,2
layer4.1.f_activation.beta,0.39730778336524963,60,2
f_activation.alpha,0.7344691157341003,61,2
f_activation.beta,0.6639432907104492,61,2
layer1.0.f_activation.alpha,0.6973393559455872,61,2
layer1.0.f_activation.beta,0.7297970652580261,61,2
layer1.1.f_activation.alpha,0.7609876990318298,61,2
layer1.1.f_activation.beta,0.6307429671287537,61,2
layer2.0.f_activation.alpha,0.9618642330169678,61,2
layer2.0.f_activation.beta,0.41458645462989807,61,2
layer2.1.f_activation.alpha,1.2259626388549805,61,2
layer2.1.f_activation.beta,0.47215747833251953,61,2
layer3.0.f_activation.alpha,1.7829252481460571,61,2
layer3.0.f_activation.beta,0.5863656997680664,61,2
layer3.1.f_activation.alpha,1.9921749830245972,61,2
layer3.1.f_activation.beta,1.507095217704773,61,2
layer4.0.f_activation.alpha,2.459550142288208,61,2
layer4.0.f_activation.beta,1.2159653902053833,61,2
layer4.1.f_activation.alpha,0.6592088341712952,61,2
layer4.1.f_activation.beta,0.4002721309661865,61,2
f_activation.alpha,0.7303698658943176,62,2
f_activation.beta,0.6655941009521484,62,2
layer1.0.f_activation.alpha,0.6986774802207947,62,2
layer1.0.f_activation.beta,0.7304900288581848,62,2
layer1.1.f_activation.alpha,0.7630189061164856,62,2
layer1.1.f_activation.beta,0.6318817138671875,62,2
layer2.0.f_activation.alpha,0.9625879526138306,62,2
layer2.0.f_activation.beta,0.4175814390182495,62,2
layer2.1.f_activation.alpha,1.2258411645889282,62,2
layer2.1.f_activation.beta,0.47054147720336914,62,2
layer3.0.f_activation.alpha,1.7876195907592773,62,2
layer3.0.f_activation.beta,0.5873480439186096,62,2
layer3.1.f_activation.alpha,1.9992038011550903,62,2
layer3.1.f_activation.beta,1.511992335319519,62,2
layer4.0.f_activation.alpha,2.470792055130005,62,2
layer4.0.f_activation.beta,1.2145832777023315,62,2
layer4.1.f_activation.alpha,0.6671780943870544,62,2
layer4.1.f_activation.beta,0.4037644565105438,62,2
f_activation.alpha,0.7329683899879456,63,2
f_activation.beta,0.6683108806610107,63,2
layer1.0.f_activation.alpha,0.6998172998428345,63,2
layer1.0.f_activation.beta,0.730800211429596,63,2
layer1.1.f_activation.alpha,0.7677910327911377,63,2
layer1.1.f_activation.beta,0.6305698752403259,63,2
layer2.0.f_activation.alpha,0.9639594554901123,63,2
layer2.0.f_activation.beta,0.4205542802810669,63,2
layer2.1.f_activation.alpha,1.2253286838531494,63,2
layer2.1.f_activation.beta,0.47076183557510376,63,2
layer3.0.f_activation.alpha,1.7868040800094604,63,2
layer3.0.f_activation.beta,0.5891802310943604,63,2
layer3.1.f_activation.alpha,2.004328966140747,63,2
layer3.1.f_activation.beta,1.5186851024627686,63,2
layer4.0.f_activation.alpha,2.474903106689453,63,2
layer4.0.f_activation.beta,1.21334707736969,63,2
layer4.1.f_activation.alpha,0.6671380996704102,63,2
layer4.1.f_activation.beta,0.4015442728996277,63,2
f_activation.alpha,0.7296110391616821,64,2
f_activation.beta,0.6734846830368042,64,2
layer1.0.f_activation.alpha,0.6965170502662659,64,2
layer1.0.f_activation.beta,0.7353310585021973,64,2
layer1.1.f_activation.alpha,0.7613235712051392,64,2
layer1.1.f_activation.beta,0.6355605125427246,64,2
layer2.0.f_activation.alpha,0.9682650566101074,64,2
layer2.0.f_activation.beta,0.42497023940086365,64,2
layer2.1.f_activation.alpha,1.2311780452728271,64,2
layer2.1.f_activation.beta,0.468178391456604,64,2
layer3.0.f_activation.alpha,1.788884162902832,64,2
layer3.0.f_activation.beta,0.5933563113212585,64,2
layer3.1.f_activation.alpha,2.0110394954681396,64,2
layer3.1.f_activation.beta,1.522925615310669,64,2
layer4.0.f_activation.alpha,2.4806244373321533,64,2
layer4.0.f_activation.beta,1.20675790309906,64,2
layer4.1.f_activation.alpha,0.6747416257858276,64,2
layer4.1.f_activation.beta,0.4061797857284546,64,2
f_activation.alpha,0.7317367792129517,65,2
f_activation.beta,0.6730294227600098,65,2
layer1.0.f_activation.alpha,0.7003329396247864,65,2
layer1.0.f_activation.beta,0.7339425086975098,65,2
layer1.1.f_activation.alpha,0.7628161907196045,65,2
layer1.1.f_activation.beta,0.6379507184028625,65,2
layer2.0.f_activation.alpha,0.9732271432876587,65,2
layer2.0.f_activation.beta,0.42157474160194397,65,2
layer2.1.f_activation.alpha,1.2384920120239258,65,2
layer2.1.f_activation.beta,0.46916550397872925,65,2
layer3.0.f_activation.alpha,1.788901448249817,65,2
layer3.0.f_activation.beta,0.5943976640701294,65,2
layer3.1.f_activation.alpha,2.011728048324585,65,2
layer3.1.f_activation.beta,1.528421401977539,65,2
layer4.0.f_activation.alpha,2.486196279525757,65,2
layer4.0.f_activation.beta,1.208293080329895,65,2
layer4.1.f_activation.alpha,0.6761473417282104,65,2
layer4.1.f_activation.beta,0.40917453169822693,65,2
f_activation.alpha,0.7318142652511597,66,2
f_activation.beta,0.6714954376220703,66,2
layer1.0.f_activation.alpha,0.7012917399406433,66,2
layer1.0.f_activation.beta,0.730083167552948,66,2
layer1.1.f_activation.alpha,0.7677727937698364,66,2
layer1.1.f_activation.beta,0.6408596634864807,66,2
layer2.0.f_activation.alpha,0.9703612327575684,66,2
layer2.0.f_activation.beta,0.4207397699356079,66,2
layer2.1.f_activation.alpha,1.2406835556030273,66,2
layer2.1.f_activation.beta,0.4694702625274658,66,2
layer3.0.f_activation.alpha,1.7880760431289673,66,2
layer3.0.f_activation.beta,0.5953699350357056,66,2
layer3.1.f_activation.alpha,2.012830972671509,66,2
layer3.1.f_activation.beta,1.5315793752670288,66,2
layer4.0.f_activation.alpha,2.49587345123291,66,2
layer4.0.f_activation.beta,1.2039738893508911,66,2
layer4.1.f_activation.alpha,0.6849412322044373,66,2
layer4.1.f_activation.beta,0.41177457571029663,66,2
f_activation.alpha,0.7354196310043335,67,2
f_activation.beta,0.6711839437484741,67,2
layer1.0.f_activation.alpha,0.6978006362915039,67,2
layer1.0.f_activation.beta,0.7291676998138428,67,2
layer1.1.f_activation.alpha,0.7663136124610901,67,2
layer1.1.f_activation.beta,0.6419975757598877,67,2
layer2.0.f_activation.alpha,0.9703289866447449,67,2
layer2.0.f_activation.beta,0.4198853373527527,67,2
layer2.1.f_activation.alpha,1.2448806762695312,67,2
layer2.1.f_activation.beta,0.46570712327957153,67,2
layer3.0.f_activation.alpha,1.7852632999420166,67,2
layer3.0.f_activation.beta,0.5949704051017761,67,2
layer3.1.f_activation.alpha,2.0130465030670166,67,2
layer3.1.f_activation.beta,1.5278916358947754,67,2
layer4.0.f_activation.alpha,2.4979019165039062,67,2
layer4.0.f_activation.beta,1.2040824890136719,67,2
layer4.1.f_activation.alpha,0.6836466789245605,67,2
layer4.1.f_activation.beta,0.4127892553806305,67,2
f_activation.alpha,0.7317992448806763,68,2
f_activation.beta,0.6744803190231323,68,2
layer1.0.f_activation.alpha,0.6976363658905029,68,2
layer1.0.f_activation.beta,0.730324923992157,68,2
layer1.1.f_activation.alpha,0.7628426551818848,68,2
layer1.1.f_activation.beta,0.6485422253608704,68,2
layer2.0.f_activation.alpha,0.9755196571350098,68,2
layer2.0.f_activation.beta,0.4228934645652771,68,2
layer2.1.f_activation.alpha,1.241880178451538,68,2
layer2.1.f_activation.beta,0.46266451478004456,68,2
layer3.0.f_activation.alpha,1.7836289405822754,68,2
layer3.0.f_activation.beta,0.5963054299354553,68,2
layer3.1.f_activation.alpha,2.017714500427246,68,2
layer3.1.f_activation.beta,1.5290764570236206,68,2
layer4.0.f_activation.alpha,2.503758430480957,68,2
layer4.0.f_activation.beta,1.2013307809829712,68,2
layer4.1.f_activation.alpha,0.690004825592041,68,2
layer4.1.f_activation.beta,0.41571229696273804,68,2
f_activation.alpha,0.7344441413879395,69,2
f_activation.beta,0.6710087060928345,69,2
layer1.0.f_activation.alpha,0.6981267929077148,69,2
layer1.0.f_activation.beta,0.7301210761070251,69,2
layer1.1.f_activation.alpha,0.7631500363349915,69,2
layer1.1.f_activation.beta,0.6477014422416687,69,2
layer2.0.f_activation.alpha,0.9813154339790344,69,2
layer2.0.f_activation.beta,0.42359840869903564,69,2
layer2.1.f_activation.alpha,1.2414151430130005,69,2
layer2.1.f_activation.beta,0.4618644416332245,69,2
layer3.0.f_activation.alpha,1.7861521244049072,69,2
layer3.0.f_activation.beta,0.5932692289352417,69,2
layer3.1.f_activation.alpha,2.019443988800049,69,2
layer3.1.f_activation.beta,1.5313243865966797,69,2
layer4.0.f_activation.alpha,2.5052075386047363,69,2
layer4.0.f_activation.beta,1.1974139213562012,69,2
layer4.1.f_activation.alpha,0.6931867599487305,69,2
layer4.1.f_activation.beta,0.41689226031303406,69,2
f_activation.alpha,0.7328827977180481,70,2
f_activation.beta,0.6722954511642456,70,2
layer1.0.f_activation.alpha,0.6987889409065247,70,2
layer1.0.f_activation.beta,0.7340324521064758,70,2
layer1.1.f_activation.alpha,0.7653645873069763,70,2
layer1.1.f_activation.beta,0.6501888036727905,70,2
layer2.0.f_activation.alpha,0.9785376787185669,70,2
layer2.0.f_activation.beta,0.4269755482673645,70,2
layer2.1.f_activation.alpha,1.2429425716400146,70,2
layer2.1.f_activation.beta,0.4658510982990265,70,2
layer3.0.f_activation.alpha,1.7838574647903442,70,2
layer3.0.f_activation.beta,0.5953890681266785,70,2
layer3.1.f_activation.alpha,2.0204460620880127,70,2
layer3.1.f_activation.beta,1.5307426452636719,70,2
layer4.0.f_activation.alpha,2.516007900238037,70,2
layer4.0.f_activation.beta,1.196852445602417,70,2
layer4.1.f_activation.alpha,0.7013645768165588,70,2
layer4.1.f_activation.beta,0.4204219579696655,70,2
f_activation.alpha,0.7355499267578125,71,2
f_activation.beta,0.6728145480155945,71,2
layer1.0.f_activation.alpha,0.6979361176490784,71,2
layer1.0.f_activation.beta,0.7352261543273926,71,2
layer1.1.f_activation.alpha,0.7693953514099121,71,2
layer1.1.f_activation.beta,0.6472916007041931,71,2
layer2.0.f_activation.alpha,0.9767659306526184,71,2
layer2.0.f_activation.beta,0.4274927079677582,71,2
layer2.1.f_activation.alpha,1.240812063217163,71,2
layer2.1.f_activation.beta,0.46780383586883545,71,2
layer3.0.f_activation.alpha,1.778319239616394,71,2
layer3.0.f_activation.beta,0.6013023257255554,71,2
layer3.1.f_activation.alpha,2.0196802616119385,71,2
layer3.1.f_activation.beta,1.5306975841522217,71,2
layer4.0.f_activation.alpha,2.5223398208618164,71,2
layer4.0.f_activation.beta,1.1935051679611206,71,2
layer4.1.f_activation.alpha,0.7097442746162415,71,2
layer4.1.f_activation.beta,0.42213594913482666,71,2
f_activation.alpha,0.7355696558952332,72,2
f_activation.beta,0.6716839671134949,72,2
layer1.0.f_activation.alpha,0.7028598189353943,72,2
layer1.0.f_activation.beta,0.7368420958518982,72,2
layer1.1.f_activation.alpha,0.7675195336341858,72,2
layer1.1.f_activation.beta,0.6463874578475952,72,2
layer2.0.f_activation.alpha,0.9812778234481812,72,2
layer2.0.f_activation.beta,0.4260340929031372,72,2
layer2.1.f_activation.alpha,1.2407841682434082,72,2
layer2.1.f_activation.beta,0.46719029545783997,72,2
layer3.0.f_activation.alpha,1.7781330347061157,72,2
layer3.0.f_activation.beta,0.6053123474121094,72,2
layer3.1.f_activation.alpha,2.020501136779785,72,2
layer3.1.f_activation.beta,1.5308301448822021,72,2
layer4.0.f_activation.alpha,2.5272185802459717,72,2
layer4.0.f_activation.beta,1.1926860809326172,72,2
layer4.1.f_activation.alpha,0.7161266207695007,72,2
layer4.1.f_activation.beta,0.4231593608856201,72,2
f_activation.alpha,0.7356236577033997,73,2
f_activation.beta,0.6724315881729126,73,2
layer1.0.f_activation.alpha,0.7018020749092102,73,2
layer1.0.f_activation.beta,0.7381983399391174,73,2
layer1.1.f_activation.alpha,0.7680326104164124,73,2
layer1.1.f_activation.beta,0.6493319272994995,73,2
layer2.0.f_activation.alpha,0.9803397059440613,73,2
layer2.0.f_activation.beta,0.42377448081970215,73,2
layer2.1.f_activation.alpha,1.2433440685272217,73,2
layer2.1.f_activation.beta,0.46607470512390137,73,2
layer3.0.f_activation.alpha,1.7799872159957886,73,2
layer3.0.f_activation.beta,0.6032750010490417,73,2
layer3.1.f_activation.alpha,2.0242919921875,73,2
layer3.1.f_activation.beta,1.5314687490463257,73,2
layer4.0.f_activation.alpha,2.5331308841705322,73,2
layer4.0.f_activation.beta,1.1934492588043213,73,2
layer4.1.f_activation.alpha,0.7204257249832153,73,2
layer4.1.f_activation.beta,0.42144688963890076,73,2
f_activation.alpha,0.7371185421943665,74,2
f_activation.beta,0.6745150685310364,74,2
layer1.0.f_activation.alpha,0.7026038765907288,74,2
layer1.0.f_activation.beta,0.7376530766487122,74,2
layer1.1.f_activation.alpha,0.7677415609359741,74,2
layer1.1.f_activation.beta,0.6502431035041809,74,2
layer2.0.f_activation.alpha,0.9784110188484192,74,2
layer2.0.f_activation.beta,0.4226797819137573,74,2
layer2.1.f_activation.alpha,1.241681694984436,74,2
layer2.1.f_activation.beta,0.463640421628952,74,2
layer3.0.f_activation.alpha,1.7799792289733887,74,2
layer3.0.f_activation.beta,0.6023699045181274,74,2
layer3.1.f_activation.alpha,2.0267486572265625,74,2
layer3.1.f_activation.beta,1.53180730342865,74,2
layer4.0.f_activation.alpha,2.537567377090454,74,2
layer4.0.f_activation.beta,1.1936428546905518,74,2
layer4.1.f_activation.alpha,0.7261344790458679,74,2
layer4.1.f_activation.beta,0.4243485629558563,74,2
f_activation.alpha,0.7389177680015564,75,2
f_activation.beta,0.6722919344902039,75,2
layer1.0.f_activation.alpha,0.702423632144928,75,2
layer1.0.f_activation.beta,0.7385412454605103,75,2
layer1.1.f_activation.alpha,0.7698063254356384,75,2
layer1.1.f_activation.beta,0.6488451957702637,75,2
layer2.0.f_activation.alpha,0.9775842428207397,75,2
layer2.0.f_activation.beta,0.4211410880088806,75,2
layer2.1.f_activation.alpha,1.2445074319839478,75,2
layer2.1.f_activation.beta,0.4652079939842224,75,2
layer3.0.f_activation.alpha,1.781646490097046,75,2
layer3.0.f_activation.beta,0.601138710975647,75,2
layer3.1.f_activation.alpha,2.030186653137207,75,2
layer3.1.f_activation.beta,1.5355406999588013,75,2
layer4.0.f_activation.alpha,2.5440163612365723,75,2
layer4.0.f_activation.beta,1.1939797401428223,75,2
layer4.1.f_activation.alpha,0.732804000377655,75,2
layer4.1.f_activation.beta,0.42488253116607666,75,2
f_activation.alpha,0.7391379475593567,76,2
f_activation.beta,0.674660861492157,76,2
layer1.0.f_activation.alpha,0.7042264938354492,76,2
layer1.0.f_activation.beta,0.738673985004425,76,2
layer1.1.f_activation.alpha,0.7710723280906677,76,2
layer1.1.f_activation.beta,0.6497967839241028,76,2
layer2.0.f_activation.alpha,0.9773301482200623,76,2
layer2.0.f_activation.beta,0.4219192564487457,76,2
layer2.1.f_activation.alpha,1.2455711364746094,76,2
layer2.1.f_activation.beta,0.46453288197517395,76,2
layer3.0.f_activation.alpha,1.7811284065246582,76,2
layer3.0.f_activation.beta,0.6024373769760132,76,2
layer3.1.f_activation.alpha,2.0297982692718506,76,2
layer3.1.f_activation.beta,1.533215880393982,76,2
layer4.0.f_activation.alpha,2.5467989444732666,76,2
layer4.0.f_activation.beta,1.1942996978759766,76,2
layer4.1.f_activation.alpha,0.738502562046051,76,2
layer4.1.f_activation.beta,0.42570844292640686,76,2
f_activation.alpha,0.7358396053314209,77,2
f_activation.beta,0.6735824942588806,77,2
layer1.0.f_activation.alpha,0.7033719420433044,77,2
layer1.0.f_activation.beta,0.7394242882728577,77,2
layer1.1.f_activation.alpha,0.7698478102684021,77,2
layer1.1.f_activation.beta,0.6501613259315491,77,2
layer2.0.f_activation.alpha,0.9791701436042786,77,2
layer2.0.f_activation.beta,0.42229872941970825,77,2
layer2.1.f_activation.alpha,1.2453323602676392,77,2
layer2.1.f_activation.beta,0.46454909443855286,77,2
layer3.0.f_activation.alpha,1.780720591545105,77,2
layer3.0.f_activation.beta,0.6030694246292114,77,2
layer3.1.f_activation.alpha,2.0289063453674316,77,2
layer3.1.f_activation.beta,1.531383991241455,77,2
layer4.0.f_activation.alpha,2.5509095191955566,77,2
layer4.0.f_activation.beta,1.1924827098846436,77,2
layer4.1.f_activation.alpha,0.7463540434837341,77,2
layer4.1.f_activation.beta,0.42631107568740845,77,2
f_activation.alpha,0.7377833724021912,78,2
f_activation.beta,0.6730060577392578,78,2
layer1.0.f_activation.alpha,0.7036396265029907,78,2
layer1.0.f_activation.beta,0.73885577917099,78,2
layer1.1.f_activation.alpha,0.7660666108131409,78,2
layer1.1.f_activation.beta,0.6525212526321411,78,2
layer2.0.f_activation.alpha,0.9781195521354675,78,2
layer2.0.f_activation.beta,0.42159080505371094,78,2
layer2.1.f_activation.alpha,1.2439535856246948,78,2
layer2.1.f_activation.beta,0.464740127325058,78,2
layer3.0.f_activation.alpha,1.7810564041137695,78,2
layer3.0.f_activation.beta,0.6018860340118408,78,2
layer3.1.f_activation.alpha,2.0295960903167725,78,2
layer3.1.f_activation.beta,1.5324852466583252,78,2
layer4.0.f_activation.alpha,2.556823968887329,78,2
layer4.0.f_activation.beta,1.192172884941101,78,2
layer4.1.f_activation.alpha,0.7529307007789612,78,2
layer4.1.f_activation.beta,0.4250982105731964,78,2
f_activation.alpha,0.7388949990272522,79,2
f_activation.beta,0.6713470220565796,79,2
layer1.0.f_activation.alpha,0.7028409242630005,79,2
layer1.0.f_activation.beta,0.7363516688346863,79,2
layer1.1.f_activation.alpha,0.765925943851471,79,2
layer1.1.f_activation.beta,0.6514919400215149,79,2
layer2.0.f_activation.alpha,0.9777217507362366,79,2
layer2.0.f_activation.beta,0.42330801486968994,79,2
layer2.1.f_activation.alpha,1.2454198598861694,79,2
layer2.1.f_activation.beta,0.46592772006988525,79,2
layer3.0.f_activation.alpha,1.77932608127594,79,2
layer3.0.f_activation.beta,0.6005355715751648,79,2
layer3.1.f_activation.alpha,2.0303468704223633,79,2
layer3.1.f_activation.beta,1.5312660932540894,79,2
layer4.0.f_activation.alpha,2.558572769165039,79,2
layer4.0.f_activation.beta,1.1892160177230835,79,2
layer4.1.f_activation.alpha,0.7590945363044739,79,2
layer4.1.f_activation.beta,0.42667481303215027,79,2
f_activation.alpha,0.7371911406517029,80,2
f_activation.beta,0.6715778112411499,80,2
layer1.0.f_activation.alpha,0.7015717625617981,80,2
layer1.0.f_activation.beta,0.7369681596755981,80,2
layer1.1.f_activation.alpha,0.7660349011421204,80,2
layer1.1.f_activation.beta,0.6520694494247437,80,2
layer2.0.f_activation.alpha,0.9796500205993652,80,2
layer2.0.f_activation.beta,0.42494162917137146,80,2
layer2.1.f_activation.alpha,1.245089054107666,80,2
layer2.1.f_activation.beta,0.46606525778770447,80,2
layer3.0.f_activation.alpha,1.776273250579834,80,2
layer3.0.f_activation.beta,0.6005902886390686,80,2
layer3.1.f_activation.alpha,2.028794050216675,80,2
layer3.1.f_activation.beta,1.5318379402160645,80,2
layer4.0.f_activation.alpha,2.5614423751831055,80,2
layer4.0.f_activation.beta,1.1895692348480225,80,2
layer4.1.f_activation.alpha,0.7642343044281006,80,2
layer4.1.f_activation.beta,0.4275289475917816,80,2
f_activation.alpha,0.7379331588745117,81,2
f_activation.beta,0.6706323623657227,81,2
layer1.0.f_activation.alpha,0.7018054723739624,81,2
layer1.0.f_activation.beta,0.7369250655174255,81,2
layer1.1.f_activation.alpha,0.766933262348175,81,2
layer1.1.f_activation.beta,0.6519564390182495,81,2
layer2.0.f_activation.alpha,0.9806196093559265,81,2
layer2.0.f_activation.beta,0.4248628616333008,81,2
layer2.1.f_activation.alpha,1.2456904649734497,81,2
layer2.1.f_activation.beta,0.4659493863582611,81,2
layer3.0.f_activation.alpha,1.7748757600784302,81,2
layer3.0.f_activation.beta,0.6017880439758301,81,2
layer3.1.f_activation.alpha,2.028998374938965,81,2
layer3.1.f_activation.beta,1.531458854675293,81,2
layer4.0.f_activation.alpha,2.566633939743042,81,2
layer4.0.f_activation.beta,1.1901907920837402,81,2
layer4.1.f_activation.alpha,0.770168125629425,81,2
layer4.1.f_activation.beta,0.4270833432674408,81,2
f_activation.alpha,0.7379618287086487,82,2
f_activation.beta,0.6724348068237305,82,2
layer1.0.f_activation.alpha,0.7017176151275635,82,2
layer1.0.f_activation.beta,0.7378815412521362,82,2
layer1.1.f_activation.alpha,0.7660568356513977,82,2
layer1.1.f_activation.beta,0.6523146629333496,82,2
layer2.0.f_activation.alpha,0.9810611009597778,82,2
layer2.0.f_activation.beta,0.42401888966560364,82,2
layer2.1.f_activation.alpha,1.2459009885787964,82,2
layer2.1.f_activation.beta,0.46602869033813477,82,2
layer3.0.f_activation.alpha,1.7759095430374146,82,2
layer3.0.f_activation.beta,0.6015897393226624,82,2
layer3.1.f_activation.alpha,2.0281200408935547,82,2
layer3.1.f_activation.beta,1.5327398777008057,82,2
layer4.0.f_activation.alpha,2.5689663887023926,82,2
layer4.0.f_activation.beta,1.1906133890151978,82,2
layer4.1.f_activation.alpha,0.7734355926513672,82,2
layer4.1.f_activation.beta,0.4276908040046692,82,2
f_activation.alpha,0.7372167110443115,83,2
f_activation.beta,0.6731423735618591,83,2
layer1.0.f_activation.alpha,0.7030896544456482,83,2
layer1.0.f_activation.beta,0.7363637685775757,83,2
layer1.1.f_activation.alpha,0.7644296884536743,83,2
layer1.1.f_activation.beta,0.6518692970275879,83,2
layer2.0.f_activation.alpha,0.9819319844245911,83,2
layer2.0.f_activation.beta,0.424454927444458,83,2
layer2.1.f_activation.alpha,1.246691346168518,83,2
layer2.1.f_activation.beta,0.46727079153060913,83,2
layer3.0.f_activation.alpha,1.7740310430526733,83,2
layer3.0.f_activation.beta,0.603031575679779,83,2
layer3.1.f_activation.alpha,2.0285391807556152,83,2
layer3.1.f_activation.beta,1.5316510200500488,83,2
layer4.0.f_activation.alpha,2.571402072906494,83,2
layer4.0.f_activation.beta,1.1912394762039185,83,2
layer4.1.f_activation.alpha,0.7773041129112244,83,2
layer4.1.f_activation.beta,0.42890140414237976,83,2
f_activation.alpha,0.7371411323547363,84,2
f_activation.beta,0.6728098392486572,84,2
layer1.0.f_activation.alpha,0.7036281824111938,84,2
layer1.0.f_activation.beta,0.7363154888153076,84,2
layer1.1.f_activation.alpha,0.7645430564880371,84,2
layer1.1.f_activation.beta,0.6511692404747009,84,2
layer2.0.f_activation.alpha,0.9814193248748779,84,2
layer2.0.f_activation.beta,0.4240599572658539,84,2
layer2.1.f_activation.alpha,1.2471342086791992,84,2
layer2.1.f_activation.beta,0.4669323265552521,84,2
layer3.0.f_activation.alpha,1.772673487663269,84,2
layer3.0.f_activation.beta,0.6021303534507751,84,2
layer3.1.f_activation.alpha,2.0285022258758545,84,2
layer3.1.f_activation.beta,1.531539797782898,84,2
layer4.0.f_activation.alpha,2.573249578475952,84,2
layer4.0.f_activation.beta,1.1906660795211792,84,2
layer4.1.f_activation.alpha,0.7801655530929565,84,2
layer4.1.f_activation.beta,0.4287578761577606,84,2
f_activation.alpha,0.7370704412460327,85,2
f_activation.beta,0.6721245050430298,85,2
layer1.0.f_activation.alpha,0.703512966632843,85,2
layer1.0.f_activation.beta,0.7354441285133362,85,2
layer1.1.f_activation.alpha,0.7651691436767578,85,2
layer1.1.f_activation.beta,0.6510863900184631,85,2
layer2.0.f_activation.alpha,0.982421875,85,2
layer2.0.f_activation.beta,0.42371776700019836,85,2
layer2.1.f_activation.alpha,1.247529149055481,85,2
layer2.1.f_activation.beta,0.4666768014431,85,2
layer3.0.f_activation.alpha,1.7712271213531494,85,2
layer3.0.f_activation.beta,0.6025720238685608,85,2
layer3.1.f_activation.alpha,2.0286872386932373,85,2
layer3.1.f_activation.beta,1.5313365459442139,85,2
layer4.0.f_activation.alpha,2.576267719268799,85,2
layer4.0.f_activation.beta,1.1906577348709106,85,2
layer4.1.f_activation.alpha,0.7857828736305237,85,2
layer4.1.f_activation.beta,0.4293525815010071,85,2
f_activation.alpha,0.7362428307533264,86,2
f_activation.beta,0.6723982095718384,86,2
layer1.0.f_activation.alpha,0.7037428021430969,86,2
layer1.0.f_activation.beta,0.7353540062904358,86,2
layer1.1.f_activation.alpha,0.7644825577735901,86,2
layer1.1.f_activation.beta,0.6505036950111389,86,2
layer2.0.f_activation.alpha,0.9824334383010864,86,2
layer2.0.f_activation.beta,0.4242114722728729,86,2
layer2.1.f_activation.alpha,1.247610330581665,86,2
layer2.1.f_activation.beta,0.466633141040802,86,2
layer3.0.f_activation.alpha,1.770922064781189,86,2
layer3.0.f_activation.beta,0.602960467338562,86,2
layer3.1.f_activation.alpha,2.028515100479126,86,2
layer3.1.f_activation.beta,1.530949592590332,86,2
layer4.0.f_activation.alpha,2.5792884826660156,86,2
layer4.0.f_activation.beta,1.191575288772583,86,2
layer4.1.f_activation.alpha,0.7922316193580627,86,2
layer4.1.f_activation.beta,0.42906439304351807,86,2
f_activation.alpha,0.735928475856781,87,2
f_activation.beta,0.6726363897323608,87,2
layer1.0.f_activation.alpha,0.7036290168762207,87,2
layer1.0.f_activation.beta,0.7356844544410706,87,2
layer1.1.f_activation.alpha,0.764202356338501,87,2
layer1.1.f_activation.beta,0.6507329940795898,87,2
layer2.0.f_activation.alpha,0.9826871156692505,87,2
layer2.0.f_activation.beta,0.42462819814682007,87,2
layer2.1.f_activation.alpha,1.2475112676620483,87,2
layer2.1.f_activation.beta,0.467282772064209,87,2
layer3.0.f_activation.alpha,1.769501805305481,87,2
layer3.0.f_activation.beta,0.6022574305534363,87,2
layer3.1.f_activation.alpha,2.0284554958343506,87,2
layer3.1.f_activation.beta,1.53047513961792,87,2
layer4.0.f_activation.alpha,2.581505537033081,87,2
layer4.0.f_activation.beta,1.1915290355682373,87,2
layer4.1.f_activation.alpha,0.796840250492096,87,2
layer4.1.f_activation.beta,0.42922839522361755,87,2
f_activation.alpha,0.7366935014724731,88,2
f_activation.beta,0.6721965670585632,88,2
layer1.0.f_activation.alpha,0.7029061913490295,88,2
layer1.0.f_activation.beta,0.735883355140686,88,2
layer1.1.f_activation.alpha,0.7638040781021118,88,2
layer1.1.f_activation.beta,0.6506587266921997,88,2
layer2.0.f_activation.alpha,0.9826098680496216,88,2
layer2.0.f_activation.beta,0.4250250458717346,88,2
layer2.1.f_activation.alpha,1.2479327917099,88,2
layer2.1.f_activation.beta,0.4678976833820343,88,2
layer3.0.f_activation.alpha,1.768934965133667,88,2
layer3.0.f_activation.beta,0.6018702387809753,88,2
layer3.1.f_activation.alpha,2.0272202491760254,88,2
layer3.1.f_activation.beta,1.5304903984069824,88,2
layer4.0.f_activation.alpha,2.582052230834961,88,2
layer4.0.f_activation.beta,1.1910878419876099,88,2
layer4.1.f_activation.alpha,0.7991771697998047,88,2
layer4.1.f_activation.beta,0.4296947419643402,88,2
f_activation.alpha,0.7363663911819458,89,2
f_activation.beta,0.671847939491272,89,2
layer1.0.f_activation.alpha,0.7029350399971008,89,2
layer1.0.f_activation.beta,0.7358295321464539,89,2
layer1.1.f_activation.alpha,0.763949990272522,89,2
layer1.1.f_activation.beta,0.6500893235206604,89,2
layer2.0.f_activation.alpha,0.9825559854507446,89,2
layer2.0.f_activation.beta,0.42498987913131714,89,2
layer2.1.f_activation.alpha,1.2478101253509521,89,2
layer2.1.f_activation.beta,0.4678677022457123,89,2
layer3.0.f_activation.alpha,1.7686984539031982,89,2
layer3.0.f_activation.beta,0.6019214987754822,89,2
layer3.1.f_activation.alpha,2.02718186378479,89,2
layer3.1.f_activation.beta,1.5305184125900269,89,2
layer4.0.f_activation.alpha,2.5828466415405273,89,2
layer4.0.f_activation.beta,1.1912392377853394,89,2
layer4.1.f_activation.alpha,0.8014587163925171,89,2
layer4.1.f_activation.beta,0.4297952950000763,89,2
f_activation.alpha,0.7363452315330505,90,2
f_activation.beta,0.6715708374977112,90,2
layer1.0.f_activation.alpha,0.7031347155570984,90,2
layer1.0.f_activation.beta,0.7357549667358398,90,2
layer1.1.f_activation.alpha,0.7639530301094055,90,2
layer1.1.f_activation.beta,0.6500744819641113,90,2
layer2.0.f_activation.alpha,0.9824362397193909,90,2
layer2.0.f_activation.beta,0.4251284599304199,90,2
layer2.1.f_activation.alpha,1.2476811408996582,90,2
layer2.1.f_activation.beta,0.4675372540950775,90,2
layer3.0.f_activation.alpha,1.7682327032089233,90,2
layer3.0.f_activation.beta,0.6020172834396362,90,2
layer3.1.f_activation.alpha,2.0270659923553467,90,2
layer3.1.f_activation.beta,1.5301514863967896,90,2
layer4.0.f_activation.alpha,2.584195137023926,90,2
layer4.0.f_activation.beta,1.1907844543457031,90,2
layer4.1.f_activation.alpha,0.8040313124656677,90,2
layer4.1.f_activation.beta,0.43013229966163635,90,2
f_activation.alpha,0.7360765933990479,91,2
f_activation.beta,0.6714295148849487,91,2
layer1.0.f_activation.alpha,0.7033509612083435,91,2
layer1.0.f_activation.beta,0.7355984449386597,91,2
layer1.1.f_activation.alpha,0.7638584971427917,91,2
layer1.1.f_activation.beta,0.6496403813362122,91,2
layer2.0.f_activation.alpha,0.9824896454811096,91,2
layer2.0.f_activation.beta,0.4252080023288727,91,2
layer2.1.f_activation.alpha,1.2480710744857788,91,2
layer2.1.f_activation.beta,0.4672718048095703,91,2
layer3.0.f_activation.alpha,1.7677329778671265,91,2
layer3.0.f_activation.beta,0.6026050448417664,91,2
layer3.1.f_activation.alpha,2.0273923873901367,91,2
layer3.1.f_activation.beta,1.5297691822052002,91,2
layer4.0.f_activation.alpha,2.5856332778930664,91,2
layer4.0.f_activation.beta,1.1905401945114136,91,2
layer4.1.f_activation.alpha,0.8062177300453186,91,2
layer4.1.f_activation.beta,0.4300414025783539,91,2
f_activation.alpha,0.7359055876731873,92,2
f_activation.beta,0.6717180013656616,92,2
layer1.0.f_activation.alpha,0.7030864357948303,92,2
layer1.0.f_activation.beta,0.7356305718421936,92,2
layer1.1.f_activation.alpha,0.7638857364654541,92,2
layer1.1.f_activation.beta,0.649609386920929,92,2
layer2.0.f_activation.alpha,0.982329249382019,92,2
layer2.0.f_activation.beta,0.42520707845687866,92,2
layer2.1.f_activation.alpha,1.2481060028076172,92,2
layer2.1.f_activation.beta,0.4674200713634491,92,2
layer3.0.f_activation.alpha,1.7672395706176758,92,2
layer3.0.f_activation.beta,0.6028225421905518,92,2
layer3.1.f_activation.alpha,2.027280330657959,92,2
layer3.1.f_activation.beta,1.5295172929763794,92,2
layer4.0.f_activation.alpha,2.586458444595337,92,2
layer4.0.f_activation.beta,1.1906863451004028,92,2
layer4.1.f_activation.alpha,0.8073816299438477,92,2
layer4.1.f_activation.beta,0.42987799644470215,92,2
f_activation.alpha,0.7358012795448303,93,2
f_activation.beta,0.6718875765800476,93,2
layer1.0.f_activation.alpha,0.7029166221618652,93,2
layer1.0.f_activation.beta,0.7356957197189331,93,2
layer1.1.f_activation.alpha,0.7637924551963806,93,2
layer1.1.f_activation.beta,0.649544358253479,93,2
layer2.0.f_activation.alpha,0.9820592403411865,93,2
layer2.0.f_activation.beta,0.4252030551433563,93,2
layer2.1.f_activation.alpha,1.2479008436203003,93,2
layer2.1.f_activation.beta,0.46756303310394287,93,2
layer3.0.f_activation.alpha,1.766818642616272,93,2
layer3.0.f_activation.beta,0.602877140045166,93,2
layer3.1.f_activation.alpha,2.0271005630493164,93,2
layer3.1.f_activation.beta,1.529283046722412,93,2
layer4.0.f_activation.alpha,2.5870766639709473,93,2
layer4.0.f_activation.beta,1.1908282041549683,93,2
layer4.1.f_activation.alpha,0.8084662556648254,93,2
layer4.1.f_activation.beta,0.42989975214004517,93,2
f_activation.alpha,0.7358541488647461,94,2
f_activation.beta,0.6719495058059692,94,2
layer1.0.f_activation.alpha,0.702958881855011,94,2
layer1.0.f_activation.beta,0.7357307076454163,94,2
layer1.1.f_activation.alpha,0.7636651396751404,94,2
layer1.1.f_activation.beta,0.6495347023010254,94,2
layer2.0.f_activation.alpha,0.9819347858428955,94,2
layer2.0.f_activation.beta,0.4251284897327423,94,2
layer2.1.f_activation.alpha,1.2476669549942017,94,2
layer2.1.f_activation.beta,0.46750369668006897,94,2
layer3.0.f_activation.alpha,1.7667089700698853,94,2
layer3.0.f_activation.beta,0.6030424237251282,94,2
layer3.1.f_activation.alpha,2.0270066261291504,94,2
layer3.1.f_activation.beta,1.5291987657546997,94,2
layer4.0.f_activation.alpha,2.5878331661224365,94,2
layer4.0.f_activation.beta,1.1909596920013428,94,2
layer4.1.f_activation.alpha,0.8094750046730042,94,2
layer4.1.f_activation.beta,0.42990362644195557,94,2
f_activation.alpha,0.7357337474822998,95,2
f_activation.beta,0.6719982028007507,95,2
layer1.0.f_activation.alpha,0.7028465270996094,95,2
layer1.0.f_activation.beta,0.735670268535614,95,2
layer1.1.f_activation.alpha,0.763594925403595,95,2
layer1.1.f_activation.beta,0.6495895981788635,95,2
layer2.0.f_activation.alpha,0.9819787740707397,95,2
layer2.0.f_activation.beta,0.4250410795211792,95,2
layer2.1.f_activation.alpha,1.2477185726165771,95,2
layer2.1.f_activation.beta,0.46735337376594543,95,2
layer3.0.f_activation.alpha,1.766512393951416,95,2
layer3.0.f_activation.beta,0.6031017899513245,95,2
layer3.1.f_activation.alpha,2.0269429683685303,95,2
layer3.1.f_activation.beta,1.529074788093567,95,2
layer4.0.f_activation.alpha,2.5882413387298584,95,2
layer4.0.f_activation.beta,1.1908540725708008,95,2
layer4.1.f_activation.alpha,0.80996173620224,95,2
layer4.1.f_activation.beta,0.42980220913887024,95,2
f_activation.alpha,0.7357454895973206,96,2
f_activation.beta,0.671988308429718,96,2
layer1.0.f_activation.alpha,0.702765941619873,96,2
layer1.0.f_activation.beta,0.7356290817260742,96,2
layer1.1.f_activation.alpha,0.763644278049469,96,2
layer1.1.f_activation.beta,0.6496616005897522,96,2
layer2.0.f_activation.alpha,0.9820047616958618,96,2
layer2.0.f_activation.beta,0.4249880909919739,96,2
layer2.1.f_activation.alpha,1.2477099895477295,96,2
layer2.1.f_activation.beta,0.4672938287258148,96,2
layer3.0.f_activation.alpha,1.7663469314575195,96,2
layer3.0.f_activation.beta,0.603126049041748,96,2
layer3.1.f_activation.alpha,2.026862621307373,96,2
layer3.1.f_activation.beta,1.5290580987930298,96,2
layer4.0.f_activation.alpha,2.5885908603668213,96,2
layer4.0.f_activation.beta,1.1909154653549194,96,2
layer4.1.f_activation.alpha,0.8104307055473328,96,2
layer4.1.f_activation.beta,0.4296938478946686,96,2
f_activation.alpha,0.7357690334320068,97,2
f_activation.beta,0.6720125079154968,97,2
layer1.0.f_activation.alpha,0.7028135061264038,97,2
layer1.0.f_activation.beta,0.7356613874435425,97,2
layer1.1.f_activation.alpha,0.763664186000824,97,2
layer1.1.f_activation.beta,0.6496713757514954,97,2
layer2.0.f_activation.alpha,0.9819883108139038,97,2
layer2.0.f_activation.beta,0.4249650537967682,97,2
layer2.1.f_activation.alpha,1.247698187828064,97,2
layer2.1.f_activation.beta,0.46729588508605957,97,2
layer3.0.f_activation.alpha,1.7662891149520874,97,2
layer3.0.f_activation.beta,0.6031631827354431,97,2
layer3.1.f_activation.alpha,2.0268867015838623,97,2
layer3.1.f_activation.beta,1.5290544033050537,97,2
layer4.0.f_activation.alpha,2.5887534618377686,97,2
layer4.0.f_activation.beta,1.1909228563308716,97,2
layer4.1.f_activation.alpha,0.8106895089149475,97,2
layer4.1.f_activation.beta,0.4296948313713074,97,2
f_activation.alpha,0.7357720136642456,98,2
f_activation.beta,0.6720454692840576,98,2
layer1.0.f_activation.alpha,0.7028023600578308,98,2
layer1.0.f_activation.beta,0.7356904745101929,98,2
layer1.1.f_activation.alpha,0.7636586427688599,98,2
layer1.1.f_activation.beta,0.6497051119804382,98,2
layer2.0.f_activation.alpha,0.9819738864898682,98,2
layer2.0.f_activation.beta,0.42497488856315613,98,2
layer2.1.f_activation.alpha,1.2476897239685059,98,2
layer2.1.f_activation.beta,0.46731388568878174,98,2
layer3.0.f_activation.alpha,1.7662451267242432,98,2
layer3.0.f_activation.beta,0.6031704545021057,98,2
layer3.1.f_activation.alpha,2.0268898010253906,98,2
layer3.1.f_activation.beta,1.529069185256958,98,2
layer4.0.f_activation.alpha,2.5887880325317383,98,2
layer4.0.f_activation.beta,1.1909197568893433,98,2
layer4.1.f_activation.alpha,0.8107730150222778,98,2
layer4.1.f_activation.beta,0.4297052025794983,98,2
f_activation.alpha,0.7357779741287231,99,2
f_activation.beta,0.6720396280288696,99,2
layer1.0.f_activation.alpha,0.7027981877326965,99,2
layer1.0.f_activation.beta,0.7356916666030884,99,2
layer1.1.f_activation.alpha,0.763653576374054,99,2
layer1.1.f_activation.beta,0.6497050523757935,99,2
layer2.0.f_activation.alpha,0.9819748401641846,99,2
layer2.0.f_activation.beta,0.42497557401657104,99,2
layer2.1.f_activation.alpha,1.2476873397827148,99,2
layer2.1.f_activation.beta,0.4673200845718384,99,2
layer3.0.f_activation.alpha,1.7662386894226074,99,2
layer3.0.f_activation.beta,0.6031674742698669,99,2
layer3.1.f_activation.alpha,2.0268847942352295,99,2
layer3.1.f_activation.beta,1.529070496559143,99,2
layer4.0.f_activation.alpha,2.5888335704803467,99,2
layer4.0.f_activation.beta,1.1909160614013672,99,2
layer4.1.f_activation.alpha,0.8108212351799011,99,2
layer4.1.f_activation.beta,0.4297073483467102,99,2
f_activation.alpha,0.7357779741287231,100,2
f_activation.beta,0.6720396280288696,100,2
layer1.0.f_activation.alpha,0.7027975916862488,100,2
layer1.0.f_activation.beta,0.7356916666030884,100,2
layer1.1.f_activation.alpha,0.763653576374054,100,2
layer1.1.f_activation.beta,0.6497054100036621,100,2
layer2.0.f_activation.alpha,0.9819748401641846,100,2
layer2.0.f_activation.beta,0.4249761998653412,100,2
layer2.1.f_activation.alpha,1.2476873397827148,100,2
layer2.1.f_activation.beta,0.46731966733932495,100,2
layer3.0.f_activation.alpha,1.7662386894226074,100,2
layer3.0.f_activation.beta,0.6031674742698669,100,2
layer3.1.f_activation.alpha,2.0268847942352295,100,2
layer3.1.f_activation.beta,1.529070496559143,100,2
layer4.0.f_activation.alpha,2.5888335704803467,100,2
layer4.0.f_activation.beta,1.1909160614013672,100,2
layer4.1.f_activation.alpha,0.810825526714325,100,2
layer4.1.f_activation.beta,0.4297073483467102,100,2
